id,guestid,brandid,dinedate,covers
553d9872-326a-d018-9a05-2de72e9b85e0,10006,10,2018-03-15,1
0aea898d-b754-c2be-02ef-726deb0d2343,10010,10,2017-10-13,1
661e4a6d-d3ab-7993-cd26-f39155122d04,10009,12,2017-02-03,3
b28aa606-b485-6f82-6183-0c3a469e4a67,10001,14,2018-07-02,3
81041661-fbb3-a72e-c3ff-2631abc7a905,10006,13,2017-01-16,2
422225b6-e265-499d-cca8-7a2de7d1387f,10008,15,2017-06-25,5
2d021133-e9bc-c5ad-7c6f-8b78a8ccb0b7,10002,14,2018-04-01,1
deb5bb13-e3c9-3284-d366-d6a7fa475c85,10011,14,2018-06-29,1
14dedcbf-3f59-375a-b9a7-d4cf96202ee3,10010,11,2017-07-10,3
aea5060e-4d8c-96a3-e0dd-8c171f8d473c,10011,13,2018-03-09,3
f218b2a8-8898-b248-863a-62edc2663bfc,10002,15,2017-08-10,2
9ba2157b-1f27-5160-a37a-7a102d35748f,10008,10,2018-04-17,5
cdc4cfc5-ed4c-c98b-d1db-1648f5212beb,10009,14,2017-12-12,4
551cebeb-2607-6666-dcbf-bb5d692f6a04,10010,13,2017-02-23,2
7b32a1e7-81d3-11fc-3108-46177c8fdc4d,10011,10,2017-08-04,3
2bd07b6b-f90b-6325-0b67-bdb783c95e9c,10001,10,2018-12-26,5
a605af85-e05b-59ec-1b39-d0fb80ed9380,10011,13,2017-05-03,2
a56c6df6-1500-87b5-cdd9-403bcd2c89ec,10006,12,2017-01-30,2
e11298fd-97d9-0b4f-e799-09895c5e43f1,10004,13,2017-11-05,2
9fc50bdb-4136-6f2c-37d6-84d2f7584c01,10007,10,2017-03-16,1
a46884c9-dac6-6ebf-ba7a-3a1098714990,10007,15,2017-11-25,2
b5eabf0c-02c3-9633-c435-c9a463cffcf0,10007,12,2017-06-27,4
29da354a-abc6-cac0-71a4-f8919e269f06,10011,15,2017-03-14,1
85a6cd55-2629-57ae-d9e1-d59bc6774b94,10009,13,2017-05-09,1
c19770fc-1deb-f96b-898e-2f37ec0348ec,10007,13,2017-10-25,1
86987416-47fa-362e-503a-de583c0f2d02,10011,13,2017-03-30,1
269a1944-3bbd-d43a-c120-2399d0d7bc38,10002,10,2018-12-11,1
b9d5fbda-f7e7-a21a-4c63-604e22b1575b,10009,13,2018-08-12,2
07912e60-9741-9722-59e1-2c0a35cdd6a6,10002,13,2018-02-15,1
c3956696-8450-b149-7b64-3c166d12c642,10001,11,2018-10-12,2
17f5c7d3-9396-7ec2-9c1d-7d3b6b09d6f1,10005,10,2017-10-03,2
795fb961-f256-a42b-84dc-dc27c11af235,10008,13,2018-07-14,2
3d638479-2f9c-fe3a-6dbc-f48a89d2a73d,10004,12,2018-05-23,1
2b0483a4-be03-5d5c-1186-2698bfe25596,10004,10,2017-04-11,5
30ae19e5-5811-e6bb-4c32-6ffb7f6778ab,10001,14,2018-03-19,2
9ffd0870-a0c7-7033-4078-96612b4d7fbe,10002,15,2018-10-24,1
98113b07-841a-3693-081a-e43b417ddda0,10005,11,2018-03-03,1
d47a3d60-2460-411c-86f0-1720cf56906b,10006,14,2017-09-25,5
1477f2c6-e690-33fd-6d1b-1f528f54b15d,10002,10,2018-11-13,5
8454080f-68ff-13be-d025-80824401b119,10003,11,2017-12-10,5
dec4cb83-d56d-c716-cefd-fefb70892181,10002,12,2018-02-14,5
3cadf63e-c6ce-ecd6-bd9d-e67c084fbefb,10009,13,2018-06-06,5
b9097472-e958-f307-96ce-43b8c9b5b16f,10009,12,2018-09-01,5
1ed1afd1-b83b-4564-bc25-faadbb53fe36,10010,15,2018-11-26,4
7dc4c915-f662-cba7-2aec-d533847d4661,10010,13,2017-06-20,4
a8184fd3-cbb7-c80c-0391-e0cd555ad5f9,10006,11,2017-01-10,2
f4971022-147e-9fc2-117b-17c63a9ff529,10010,12,2018-04-05,4
16368ced-4e6f-b739-f5bc-511fc2dc53d3,10006,12,2018-02-07,1
5a158cad-4a38-d946-932f-5bfe75721ec3,10007,14,2017-03-09,2
184fdef8-8af6-26a3-2607-9a809f54bae9,10008,10,2018-08-06,4
c4b0c853-916b-6686-da86-424a4589a51d,10001,12,2018-03-01,3
2ed8c483-cb6a-3409-460f-1bf6b051b763,10005,11,2018-07-08,5
caa53634-53a0-5899-c01e-49f28e362bc3,10009,14,2018-12-21,2
fc6e6e2a-bf2d-3dc9-911c-10ce21d1d268,10010,13,2017-08-07,1
74b0708d-228f-4bd7-32c2-b958d7f4751e,10011,12,2018-06-29,1
ea6dce87-e851-7861-bdd7-e1ba078f4c76,10011,11,2018-10-01,5
b6030b60-caf5-efe7-95aa-2fdc0f67c8f3,10009,13,2017-12-07,5
4f283460-da77-e7e8-4cc1-290d80ae5bf8,10005,14,2017-07-12,2
f65a8ef6-9a7d-fd6b-19d7-1777c39dd05d,10007,10,2017-03-12,4
ff75d112-5259-be97-42db-e0239ea1e534,10008,10,2018-11-25,2
a2cc5d29-0228-dbce-1ee0-a623f125c21b,10002,13,2017-03-28,3
d95acdc0-248f-3e9d-ee4b-dc6c9e37857d,10005,12,2017-05-02,4
c9f70628-100c-aac7-a345-25ba91fa2f0f,10001,11,2018-02-25,3
a6428d48-6549-b02a-b4bd-383df473a2ae,10005,12,2017-07-22,3
b640fd7d-0c39-a114-cbf2-c3f10abb89f0,10003,13,2017-12-01,5
b4513c0f-db31-ff54-7a0d-b3aef0166bcb,10009,15,2018-07-18,1
379c0c6a-27e8-58fd-00db-96543ef0992e,10010,12,2018-04-07,4
ee22d2f6-58e3-8803-9b59-bcc3c894f013,10005,13,2017-07-24,1
73ef5ece-4d3e-a9e1-3922-8be6fe44d21d,10011,14,2017-10-20,3
ac448798-795e-d7d3-c86d-829067c15f9c,10007,12,2017-04-24,5
b4a2e833-aa38-e632-bd68-8d431b878550,10011,14,2018-02-03,1
75c99af5-3e62-9aa7-df11-89e327318428,10007,11,2017-08-19,3
3610b643-227c-eb5d-2042-b7095e804819,10001,10,2017-01-14,2
aa2bc2dd-aedc-93bc-1fe2-657f07953afe,10005,10,2017-02-24,3
8c3fe088-caa7-3b44-518a-8441b30a5c7e,10010,15,2018-02-24,4
0515395e-33a6-e31f-f69b-f73e426bda05,10011,13,2018-01-28,3
8b12ef77-dcec-ea97-f847-26a760c290f3,10004,13,2018-07-24,4
6c2fcb1d-71e1-05d3-f0bb-81879415a6d8,10008,11,2017-11-01,2
1d7b7040-749a-b481-5b39-c790dacc4751,10004,15,2018-10-12,3
6aa22f7e-e718-aadc-3a45-0729b474533b,10007,12,2018-06-12,1
7ea13ae7-80bc-4a1b-f7c2-eea96903927c,10011,10,2017-02-17,2
09855522-95b0-5705-e86d-1ffcd3c7ad20,10007,10,2018-02-14,4
9809681d-db63-7666-4315-d5a8706e3bce,10009,13,2018-02-19,1
d3e05e45-756d-3ec0-d6c2-dace5d11bae1,10001,12,2017-03-14,3
d804650b-a4a1-c785-69b2-de8e003c722c,10006,13,2018-11-16,1
f13096ec-a482-4593-a6f0-12e08a9f8a92,10002,10,2018-09-20,1
f35c6127-3b73-1212-c735-0b12a261edb9,10010,12,2018-07-16,2
dd9cbd76-d1c3-5ff4-0ed8-190c43d777c1,10005,10,2017-11-07,5
7e4b481a-e29a-6b1f-de45-0ef8b914336b,10004,12,2018-10-18,2
629525af-214e-3e89-da42-d62e188c0dd8,10002,12,2017-11-10,2
a36f90ab-1b29-ce2b-821f-fd74fad11663,10011,11,2018-09-11,1
af6e12d1-f92d-bb30-dbb0-8be82bfe522d,10003,15,2018-05-12,2
0b86e337-bcbf-2b5e-8c7e-275001de7df4,10010,12,2018-02-14,4
d413f124-444c-6cf4-bbe3-88c10d625e38,10004,10,2017-03-30,5
094f23c3-1c39-7137-3133-56ca57fecb89,10011,10,2017-12-26,1
2f7a52bb-ed6c-164d-905d-5d32d164602c,10005,13,2017-04-07,2
9a44a40e-b3da-56eb-3e18-1a20b6e7ac3b,10009,15,2018-01-19,1
2aee6251-0f74-d9e4-6b22-a140c1e34015,10007,10,2018-07-08,3
f300f78c-6ce9-eeb9-cc0e-fc7244a10cf5,10006,10,2018-09-15,4
3a5e1c65-4ccc-2da9-7eef-e7c3fdc62a1f,10001,10,2017-02-28,4
bc482994-8210-d462-8ce5-199a8ae78344,10003,15,2017-09-04,5
7953fadb-7d9d-787c-2351-f99b587c35ec,10011,11,2018-12-27,2
eb5e7a79-4835-376a-5f2a-349e7129d82c,10002,12,2018-07-01,1
8879a35a-1d3a-cd1c-3af9-d091adaa540e,10001,12,2018-06-30,5
93951473-a95b-b75d-da73-7a033a80528e,10011,15,2018-02-28,3
6952fcd1-8430-d1a6-c603-86b6a998e367,10003,14,2018-10-18,2
9bfedb09-4999-1009-5b3f-adb6264038cc,10010,11,2017-11-27,5
49864cb6-53a0-fc00-8370-d56c0c1b3ad6,10006,15,2017-10-05,1
6e2c5aff-bf02-6807-0776-11236041bc06,10003,15,2017-07-24,4
4eb697c7-8924-3db1-73a1-075cec238b89,10011,14,2017-02-04,5
ced9e8a2-242b-c433-8fbc-d585311011b8,10007,14,2017-10-24,1
400cd7dc-064c-5a2d-10d4-a2b7add86680,10008,12,2018-10-13,2
8e2b9eee-154b-6900-4380-8da65c8e9bb7,10004,15,2017-09-29,2
5560aadd-a6da-86cf-87d9-a07cb20cd59a,10007,10,2017-05-27,5
e05f2d9d-091e-497c-7bc9-e0ac702006b7,10006,11,2017-06-23,2
1e848c7a-a221-44a8-581e-e512c6ee3b26,10009,15,2017-09-30,5
a8514e78-53ee-22b7-5ab2-7c48bdeac69e,10011,12,2018-08-19,4
d1f174c2-7d3c-bc4d-1385-cd3cebbad3ad,10006,15,2018-07-11,2
4488c534-4d73-e905-8163-4c5f044cebf5,10010,14,2018-08-30,5
803ebc3e-d900-68e8-87b7-fcf336abcaa5,10001,13,2018-09-09,1
02dfeed4-3ece-3a01-74b4-390bac2b6dbd,10007,11,2017-11-06,1
840d153c-7b53-cd73-eba4-e1d7c1aee1ec,10001,14,2017-02-18,3
8b81e504-7e72-a6db-a14c-222cc07781cb,10009,10,2018-11-05,1
0459eb8e-cf4f-456a-27ee-1157341866bd,10004,12,2018-08-21,4
152e839b-7e97-694b-350c-339b24590be4,10010,12,2018-01-22,4
6f37fb1e-c44f-a220-43ed-9fba5ca3cb4c,10002,10,2018-03-28,5
875f4702-8666-4741-6b6a-1c9c808768bc,10002,13,2017-04-20,3
6114c2d5-b938-1934-ef01-42d5611aae2c,10001,13,2017-08-02,5
a56968e6-5844-ff48-def2-f4532896f428,10007,14,2017-01-07,4
0e8f1267-f6ca-af49-9a1c-140a8daeb576,10008,13,2018-04-11,2
93022a94-bd48-45ba-b93a-ade9f69f91f8,10007,15,2018-03-18,5
359c3d04-419e-c175-088b-216af0e1f8d0,10006,13,2018-03-31,5
fd7d491e-51e8-6c48-5adb-846e40ac4f8d,10005,14,2017-09-27,3
9192b453-b200-38ba-a535-b7254f5962f2,10008,14,2018-06-22,4
8709f848-1289-735d-500b-adb4f67b99c3,10010,13,2018-04-22,2
63523ef0-c08d-7b46-0a4f-06a4b5de8a78,10008,10,2017-04-09,2
e9193d6b-cbba-26be-0788-c19573ff6384,10009,12,2018-10-06,1
98f91280-b3a3-0098-c934-5383485445d5,10005,13,2018-08-11,1
1519f75f-7513-d34d-b7b3-e5dca023bc4d,10005,14,2018-08-13,3
e99dbec4-9372-8fb8-6497-782d10457379,10003,12,2018-03-31,1
41fd54b8-c2d8-567c-36c1-6bb87c3a431a,10009,15,2017-06-24,2
79fef412-bfd0-8c65-8631-f60a34b9657e,10009,11,2017-05-22,2
c2c5fe67-085d-56df-c4ce-4ba156a740b3,10007,14,2017-05-20,2
cfc26a59-3903-6b6b-e2db-ba2322d24f05,10009,14,2017-10-10,4
f7bd86a8-0bcc-c8c4-0d42-4608f681aea9,10010,15,2018-01-10,1
4b908c4b-a471-9de7-5de1-c8d807033780,10007,12,2017-09-12,1
ea52aafb-f1ba-482b-0fc3-042da43b0add,10001,13,2018-11-14,3
529291d3-b4fa-c174-7255-4fcd4c6477b2,10008,11,2017-09-19,1
9d966de7-9f47-eb4b-ac4f-05a2a1c3af43,10004,13,2017-02-10,2
d9057a4c-8df0-df82-efb6-2ae7fd59ad26,10006,14,2017-08-04,3
e2a4fd13-70dd-f1bb-2f2a-7f4b5aa3b04f,10003,15,2018-10-28,3
a5b462e4-3b73-c3db-9374-9b8d10146ce7,10010,10,2018-11-29,4
f16ec272-769f-e549-0d1a-58ada03b17a2,10002,12,2017-08-26,2
47d7c232-f3a1-2bb4-3436-3146ccc2bf11,10010,15,2017-11-29,1
0d977a35-51a7-89d8-73c3-430b93c63f62,10002,10,2017-12-11,3
64e2290f-aeb9-4ab3-9971-f8c6c9d31e10,10011,11,2018-10-29,1
f224dba6-9838-22b9-726e-8b9f4bd5e2f0,10010,10,2018-10-04,4
b8bead51-2be7-d01d-7782-f535a042fe28,10003,14,2018-09-26,4
4fcc8028-ef4e-7778-a2b2-015478b518b7,10004,15,2018-02-19,3
ea57fc70-9885-0c25-63c5-fa6755147c9f,10002,11,2017-05-09,1
1dfc2fa5-64e6-9cd7-0fc2-c733c7d26f29,10010,11,2017-02-01,4
55687230-be96-9471-3219-2414f1482e5a,10007,15,2017-07-21,5
36a712a2-4fe3-609e-743b-e1f7881de494,10001,11,2017-05-17,2
6c1ec648-3d3e-c4b7-9f21-4393b2ba4073,10005,14,2018-09-21,3
137f8948-9942-bc80-afca-8e2fa008a567,10003,12,2017-09-21,4
8844d06d-1add-0da0-0951-ca645408b983,10011,13,2017-08-23,2
9d78efa5-4e31-a00f-856e-190b56b06baa,10005,14,2017-02-08,2
df28d644-2baf-8d64-6a7e-f2e6b8f46f3e,10010,11,2018-07-06,3
f86eadd1-b909-0dcd-b616-369802a88834,10001,13,2017-12-31,2
782e8d26-ae20-862b-c20c-b608d1cfc344,10010,15,2017-01-25,2
4c3a10c5-b198-3854-7ad8-d41a914c01a2,10008,13,2017-03-22,1
4ea18386-ed24-22ce-1261-ba346a1ab3cd,10008,15,2017-06-13,4
f5989c99-c37a-e5da-88b9-65b187fe3247,10002,13,2017-02-17,1
cff25f4f-beac-6179-909b-d15ef751c67a,10002,11,2017-09-15,1
e1b50a30-ae86-b90d-0c26-edbc2b46cc34,10008,13,2018-09-04,3
3564aac2-c176-a381-e9d0-359eea3b6e5d,10001,15,2017-12-29,1
c01a0f18-3b48-d441-5296-1f33a835da3f,10006,10,2017-11-21,4
1f0a73a0-b1c2-b7a7-560b-82dc5c7594dd,10009,11,2017-06-27,4
4e14e530-b5b5-1d76-c82d-d38627099a1f,10009,13,2018-07-31,4
6727d757-cda9-8e27-19af-f09c4cec3a83,10011,13,2018-07-29,3
ecec1102-d0ef-754a-5301-4cc1a3391b70,10002,10,2018-08-30,4
f63eb3d6-c36f-db7b-ecbb-ea8a3e083ce5,10005,13,2018-10-26,2
80ff1a4f-815f-3c58-f6f6-ebf5cef751df,10003,15,2018-06-06,2
86ef399f-78f3-b5ab-dcb7-6aece0a00b10,10007,11,2017-01-20,1
788c5981-1cea-747e-6e4d-f12a038f619c,10001,11,2017-04-02,4
1d470264-e19e-384b-3c06-c7cf365d1d38,10006,12,2017-05-10,3
28816af8-4ba5-1913-2180-b9211d262e87,10009,12,2017-06-29,2
4d779295-2b5b-03da-7417-15cd89e63d1c,10002,14,2017-02-14,3
2f5172a2-c8d1-b89c-25fa-76ba85992da0,10003,15,2018-07-12,4
6f95a8ac-9fac-9e37-6e5a-d26f77e48649,10004,10,2018-09-06,4
8a45ec06-7e2f-0659-355b-b923ec3408ca,10006,15,2017-06-10,4
74796764-a3a3-d635-3109-70e37c92d6f0,10002,10,2018-04-02,3
1f32b2bb-21e7-9316-f1b9-c728a20dc205,10009,15,2017-09-13,4
d244b402-dfca-4816-492a-f67338cac4c0,10006,12,2018-05-15,4
6981bfd1-7455-4b5b-504f-c86b77ff4428,10006,14,2018-03-15,4
ed444d2f-83be-c32e-cb18-041105001b94,10004,11,2018-06-17,4
058024e4-48bd-700d-3fc3-8c087a085fae,10007,10,2018-02-11,2
206be2df-3682-aa1b-7143-dc974380a86c,10009,12,2017-03-05,2
e60918c6-d565-9826-7ecf-c87442120080,10008,15,2018-11-12,2
7e9db688-7396-f741-4590-e8b0ffefffef,10002,14,2018-05-20,2
f36b5510-68d3-ba5b-e598-d07efa7f5198,10004,12,2017-12-08,2
a65aabae-eea4-6419-eb4b-f76f6c8b69cf,10006,11,2018-06-26,1
b04f385e-31e8-5be7-aafb-66d81348008f,10009,13,2017-04-11,3
f01a8782-97c5-0ec6-7ea2-949874032c9e,10006,15,2018-02-05,3
04763fed-f6d8-34e8-74f8-361757b7b881,10003,13,2017-08-28,2
e6c44a0f-4a70-70ea-dc14-173d89f7fdb2,10007,11,2017-04-05,4
c82113d5-478b-df2b-686c-ea6df6a9963e,10003,12,2018-09-07,1
b8779167-eca7-a3ed-212c-269ad172cfff,10006,13,2018-05-08,5
0cf2767c-0ef3-356a-d5f9-0654a9f2c7c3,10011,12,2017-06-26,3
d4d66b95-5fd0-89bf-f47b-a34134624c82,10008,10,2018-05-08,3
eefc737a-1cb0-f67b-98e3-9c47738085f8,10010,14,2018-05-16,3
4a1829ee-0b6b-fcba-d86b-69bf2efec128,10004,12,2018-02-07,5
4b5fc5f7-f9bd-6e1a-df51-41a8b1034952,10009,11,2017-02-22,3
55403eb2-f62b-71a4-3c5c-41f43a9b0129,10001,13,2018-09-24,3
79d2963e-bcb4-091d-6157-d1aa297165e5,10007,10,2017-02-13,1
d676f9c7-7930-07fa-f854-6fe657c0a5d3,10007,12,2017-11-14,5
ba4088ce-8fee-604c-2bb7-9323c93519ec,10001,13,2018-03-18,1
b9b8484d-da93-ef60-8d05-e5eb996fc915,10011,15,2017-09-11,5
a19c7bce-307d-a526-2ce2-d3cbaa7abad4,10007,15,2017-04-07,5
42900642-3741-58b7-a6b5-ee6f05c319fb,10004,11,2017-05-11,2
661f6a7f-6a67-b1df-aeac-aa2f67e41516,10011,15,2018-04-26,4
3d2eaaec-3b8e-2d01-63b3-00b5da1d28ab,10010,13,2017-09-19,3
994538f1-d800-126f-6c83-a4cbee443569,10003,12,2017-03-08,4
28b1856f-f5f5-5f64-aee1-01d8a0dc2a20,10004,15,2017-08-10,4
06203d7b-824b-2e90-c4de-335a4ad85d74,10002,11,2017-05-26,2
01d6e5fb-aadb-a53b-531a-6b670adb0ace,10006,10,2017-05-18,3
74b71d6d-f3b1-1fcb-8a9d-252506fef264,10004,10,2017-09-15,2
04b09e22-4aef-a5cf-fe27-b278644c3719,10011,13,2018-03-16,3
f1dc50b6-4c34-5cb1-018b-0bb3d6ecbb33,10010,10,2017-04-06,5
a4eab5a5-31ea-9a32-0e1a-f32437905157,10007,13,2017-10-07,2
6139b24f-53bd-e47c-9386-c0a5f1c5ea7f,10001,15,2018-11-25,5
031fb733-7a4e-6a6d-cd20-26fe46608462,10009,11,2017-07-15,3
4d441dad-b9b3-06e3-6aed-1d6aabd94295,10008,11,2017-09-27,4
fe9fdece-2c5d-8890-c4f4-d5e24eb69a4a,10009,15,2017-08-22,5
aa04d01b-214f-04fc-4e6d-fd3be3a86132,10003,12,2018-09-22,1
d71b9596-6372-31df-4296-f537216cd06a,10003,12,2017-05-24,2
1f80797d-2d85-15e2-145b-f5e37d522e24,10006,15,2017-12-09,3
1e682e32-f568-1d4d-b175-9b31ef48c8cf,10002,13,2017-11-22,4
95c45cc8-2e40-a4c2-fbb7-63c04eb721dc,10004,15,2017-06-23,2
5b6b6ef5-7cef-6339-e21e-3d60a6e5e351,10009,10,2018-07-10,2
43f249d9-1aab-1030-a9b3-85710bfdc4ab,10010,10,2017-11-18,3
d9f61569-5961-fcd0-f6a0-98502fadd724,10006,11,2017-08-03,1
a7df070c-1d5b-26f2-99fc-b460edad3692,10009,13,2018-03-14,3
d1901d24-64d9-f3dc-c0d5-a9f9d16e7890,10005,11,2017-08-03,2
1f5df0ef-676c-7026-4db9-32efb58509f8,10001,14,2018-12-05,2
f101c3ae-e9d0-cb34-7afc-bb2d33d877fb,10002,15,2017-09-04,5
14b11557-1282-2ca3-2833-8aa290d036f8,10003,15,2017-12-30,2
64838c0a-dff1-608a-8970-c5b9a0a3f565,10004,13,2018-06-15,5
91203075-a4c0-3e9c-84cc-08ad40af44fd,10002,11,2017-07-03,2
edbad507-34b0-6f6e-9ded-224a92cd2059,10002,15,2017-01-09,2
98c8d419-3076-db7f-c3bf-f99c34ca29c4,10004,12,2017-05-11,2
18154557-14c2-2f4e-ae5a-200a18acb588,10006,14,2017-05-02,5
f984e7b4-d2e5-eddc-b93e-db2019feb3bf,10007,14,2017-03-17,4
acb40e85-a64a-8481-6719-2b31eb8a028b,10007,10,2018-03-16,3
790ca132-678b-deed-ebd5-281b878c4eb9,10005,14,2018-01-29,1
e9050604-5b1d-222e-3e17-99ef2d78a6f0,10002,12,2017-11-26,1
3e81901e-fcc1-6d71-044a-72141a27f3bb,10011,11,2018-10-17,3
8dd4fde4-af64-d1a3-ad3e-fd238843014d,10001,13,2017-05-27,1
dde369e5-99f8-b8a7-481d-73c8008f44a2,10004,15,2017-10-09,5
40be1fe9-8f45-675d-0b40-5cbbe7956f85,10010,12,2018-08-11,5
8ccfa6f2-fa40-68b3-1272-0e01f3027653,10010,14,2018-06-08,2
b5ea2428-9772-1efc-037f-ce30df8f370f,10006,15,2017-10-10,3
ae039b7e-18a7-d88c-ff1b-9ebed20ef4c1,10005,11,2017-01-13,3
ad948b77-2d59-1f71-7ab0-6ffdd60348f9,10002,11,2018-04-13,5
01a38868-1a28-9801-0a37-ff6e7f26ec2e,10008,14,2017-06-14,4
f5e21fb5-4d5f-4ce1-c31c-3a7aba68772c,10005,12,2017-10-06,2
fe22b351-4852-3488-e08a-42a4e052a838,10003,13,2017-10-21,3
78410db1-f9bf-e5c3-8cdf-eca1d32f5c6d,10002,15,2017-02-04,1
ea58c86c-17a4-6997-58bf-5672866a3953,10007,14,2017-10-27,5
ed0a5807-272f-7f7c-9a64-dbf84a118bcd,10005,14,2017-07-04,5
74c24366-805f-bc9d-4f96-a32e5200e0df,10005,10,2017-12-23,1
6382d0d6-a47d-0ea0-a44f-8478f6a01ad3,10001,13,2018-04-24,5
bf0591a8-5aa1-1bff-2ec9-a64d65e8aa6a,10005,15,2017-12-27,5
b9533bd2-4636-f6ed-dcfb-2a02d9b7bd17,10005,11,2018-12-25,2
c6993956-8bd7-32f9-71aa-1336a94bc50c,10004,15,2017-12-06,4
7e638589-5025-7b1b-85c8-0027cac0cc7f,10007,11,2017-03-25,3
6a80bf82-4b69-b2d1-0bcc-c6e82dba84b3,10008,14,2018-06-25,3
02027ba3-eef1-168d-0eaf-135e2b989c04,10009,13,2018-10-30,1
44a0e7de-11bc-3547-6e9d-0462b2864fa6,10002,12,2017-05-20,2
2a3bcebf-3084-de54-af5f-784a312bc33e,10001,11,2018-12-17,4
18b4b15b-f4b2-265b-bf86-c361ba277270,10003,15,2018-09-22,1
625ba9c2-3f40-ac25-096b-b8e31cad3e38,10008,14,2018-05-09,5
9d69b00f-c7c8-416b-47d9-466d0be8531c,10011,11,2018-08-22,2
e0e073dd-8354-921f-8f18-b7994cc7ecc5,10005,15,2017-04-21,3
7143ccdb-bce4-61e4-6602-0f303ccac7bf,10001,13,2018-09-09,1
f9386cf7-1a55-224e-70b6-a406f91dcb3f,10006,13,2017-07-26,5
657aff09-87c7-7b22-5ea3-43bd0755407a,10011,14,2018-01-07,4
d2fdf1c5-9e7a-5c60-0e32-0a1246dbfbf5,10011,11,2018-09-20,1
2d191543-2261-0822-a672-e7d7281a5911,10007,14,2017-09-15,1
76f56ee4-ddf8-a8f2-74bb-db1194f68d0e,10010,13,2017-06-17,3
641454b0-0679-c2bc-0cf2-95bdbba35c40,10010,13,2018-12-17,2
f252da97-a048-856f-c773-31f84dc38ebe,10011,11,2018-08-19,5
b4249943-4d0b-0a7a-42d7-dab169f227bd,10011,13,2017-12-19,2
50e8d9db-907f-33ac-dd0b-906022870b87,10009,10,2018-11-08,1
7a42f0e7-e175-0cf4-debc-ed67f584a0f2,10006,13,2018-05-25,2
4f6e4c7c-566a-cdec-0d16-d7da5d3487ef,10009,13,2018-09-28,5
b071e4ff-16e1-66c0-f4d6-3506bee55fb4,10002,15,2018-03-05,3
102b93df-6d38-d384-4e8b-686a74d49e0a,10008,15,2017-08-17,3
3dbfe94d-53ff-0938-2c64-1ec979ae6e9c,10003,11,2018-09-19,1
0b349979-e2d0-e98a-c662-140d84036ef1,10003,11,2018-09-04,4
852cfbee-d09c-8369-da31-8306cc8f903b,10005,12,2017-03-26,2
9df199e9-78a6-224f-b527-4b40f83209ff,10009,14,2017-08-28,1
e5cd591f-12e8-e67b-2466-769e5d5082d1,10010,12,2018-07-08,1
5863a00c-8706-647f-0b72-2785325675de,10008,14,2017-11-06,5
bf485944-9392-227b-6014-e063fa38c7c9,10010,12,2018-12-17,2
39d903e5-5dc8-67ac-3221-a08b86e29be7,10003,14,2017-03-22,1
c00f6901-a379-0c8e-8a3b-0c463e5a92f3,10003,12,2018-12-29,5
e4a59339-e06a-7ccd-94e1-4b9e4993aeef,10006,14,2018-12-18,2
ad022a5a-a997-e3d0-3c6e-8105150ff2bf,10001,11,2018-05-21,4
e38227ae-05cc-6215-24f0-9f0fc161ccf6,10009,14,2017-11-08,1
b87294c3-cf49-114e-0309-afa970de75a0,10006,15,2017-04-13,1
154c9fd4-a175-2e20-aafa-b1ada29002c5,10010,13,2017-03-03,3
0310a6a1-5eea-b1fa-b096-7a2a1ed0424d,10004,13,2018-11-23,3
032f0888-c412-6b88-8bca-ffb428b53318,10005,13,2018-03-06,2
b3d1986f-0735-fd41-781f-21cf1af14ad3,10004,15,2017-02-26,2
d1a82a86-55e5-b10e-5a5f-324682a3778e,10001,13,2017-08-04,4
a2217d7f-7239-705d-30c6-5d95ef01149e,10008,14,2017-08-02,1
5a1a9fd5-472d-f552-baac-83f83846df1e,10010,14,2018-05-09,2
63830470-8bb0-dabc-e888-45d481b54707,10011,14,2017-08-24,1
d32d1165-f239-5508-244a-a59ae6c8d17f,10005,15,2017-08-21,3
c4fdf48c-7cd8-3313-e315-c5ee7577199a,10009,11,2017-05-14,5
cd75e56f-c37d-c2ab-e4df-45c997b96b08,10008,12,2017-02-09,3
f4b7eefb-64ca-23eb-bb62-ea6930007293,10007,10,2018-09-30,1
6270a250-4eab-0da2-9fa5-2172d6f10976,10008,12,2018-05-11,1
4555cd37-ee3d-dc98-6351-fdb3539a587e,10001,10,2017-01-09,5
c87b22c7-7af7-09b4-cee9-83134c1906e4,10009,12,2018-01-25,5
95b98fa8-019a-d8db-5a04-660187d14d9d,10001,15,2017-03-18,4
5f2b4a97-44c7-b5e0-4df5-56a1a722512d,10008,13,2017-12-02,4
9e0a8878-cbd2-1d33-7636-2f08ee5cc1b2,10007,15,2018-01-24,2
7955ff18-eb0b-f35c-af2d-fc10a21a3266,10004,10,2017-02-16,1
2720b32a-161a-3b02-3980-9ebc7e14980d,10008,15,2017-08-05,4
d333b9c1-ef6c-1b4b-ef29-5be7b8eeeebc,10009,12,2018-05-05,2
9c1ff1ec-ec27-1672-8d9c-9b3e7759ee6a,10007,11,2018-04-12,1
2f1e21e7-6f78-5ede-38db-19dc483e7e17,10001,15,2018-05-12,1
65207520-ee4c-26e3-31ba-02e9a857330e,10003,14,2018-11-27,5
abcbf045-b28c-bcef-7616-166a5724afed,10008,14,2018-11-30,5
3d4adeea-14ef-a2b6-11b7-010427cf0b14,10007,14,2017-10-02,4
b5022569-f3cb-97dc-74f0-11001eec02d7,10001,14,2017-07-24,3
064de805-17f5-0502-ef54-6bd40e352167,10004,14,2018-01-23,3
f7f05a94-ffab-dc9c-aac6-4be228ab44b0,10004,10,2018-03-10,5
118484cd-fe7e-b282-bba6-6691d7e9afbc,10009,14,2017-03-21,2
fdc76c09-eeb5-d442-6dd7-fde238067a27,10003,10,2018-10-26,3
5f40101b-45ae-85ad-732a-2fb8f7848479,10007,14,2017-12-01,3
4d57b401-01f7-c01d-364a-10a6d97f1d0d,10007,15,2017-06-17,5
c73449a7-b73a-3908-9fb7-91e2113ec522,10006,14,2017-05-24,3
0805e58c-e5da-fcc6-a999-5b195cb134e3,10002,15,2017-12-25,1
1fa5b350-e99e-007f-a936-2cd97999e0ff,10003,10,2018-11-02,3
7878a216-4950-793b-a02d-9c1e065bd109,10008,13,2018-06-08,5
6713c73e-eaed-5747-099f-3d7c0c542083,10010,10,2018-09-25,5
0a6c88cd-1d16-24b0-2003-5ca44931a1bb,10010,11,2017-09-22,5
1a4d6584-33a0-2afd-7cb4-0568d0381012,10011,14,2018-07-30,5
9928d2a1-59ed-77b7-fbf5-d81e1cddbb6e,10011,14,2017-11-07,3
15c21870-bc8d-0e08-5ec5-10c57b27d07f,10004,10,2017-11-11,2
99d5506a-fbd3-8ca6-8909-e1593af44965,10010,14,2018-07-18,1
09f9c1bf-da57-f24f-6f46-6ef3ff068d16,10005,14,2017-07-30,3
7398d18c-6995-e480-32d7-6eb855e16451,10001,11,2017-05-05,4
4d496bcc-c55b-ce6d-e169-d772befd6f5f,10005,15,2017-10-01,3
eb3b2101-2595-fba3-dab2-6c92e6b66e1d,10004,11,2017-01-07,5
bb8c525d-1d0d-8f5c-d3d3-073d4339e93b,10003,13,2017-10-21,3
194ff252-5672-0a5a-76d8-444d55118d3d,10009,15,2017-11-06,2
b51cb7ad-ecb7-a1c2-a1b8-f6463ddcae2a,10007,13,2017-06-28,3
bddf7f54-a224-4652-037b-1336a61b3a51,10006,11,2018-03-05,1
c705ec42-726a-13a0-2a87-7ff7e12a352a,10006,14,2017-11-05,3
585360de-6b8d-5bc8-ecaa-0af3722e8bdb,10002,15,2017-09-25,1
1e412149-c5ee-26bb-b358-0522bf399e94,10003,12,2017-01-11,5
ac7fa881-146f-1c43-3757-a4cb35182b56,10003,12,2018-05-14,5
9b6d9067-793d-8702-2415-3e3208356383,10003,10,2017-12-25,4
12df4784-84f2-c5fb-e9fb-dbe459713b09,10007,15,2018-12-03,1
7b7b926d-1730-2834-d5f1-7c42c8fadd11,10010,12,2018-09-05,5
8478aa3f-6d53-47df-d36d-85f18f53b81e,10006,15,2017-08-26,5
4d6717f2-df95-392e-6cf9-8ee30232d1f3,10008,15,2018-10-01,4
d073714c-87ce-153a-28f4-c2fbbb52875a,10002,15,2018-05-20,4
5e2fcfe2-cc90-6cb8-9f4e-369e962f8f87,10006,13,2017-06-26,3
be4a8577-ee2f-3f4a-6de3-cc542fdcc5d9,10008,15,2017-08-03,2
fa6e0079-e35b-9386-31b8-740a00010c4f,10004,12,2018-09-06,1
3367bd5e-aad9-15f0-69ed-8fbe2b5fb7e9,10007,13,2017-09-05,3
c387a3ca-9ca7-44f7-17cc-2e61a690a508,10010,13,2017-05-18,2
15c528db-9951-9da4-af80-b6fa947cec22,10007,13,2017-03-26,5
31284d35-fbd4-4bcb-ea67-69e666927547,10010,11,2017-10-25,3
2dea0602-f6a7-f993-1af7-5f48932c8c30,10011,15,2017-12-11,3
72e64bba-600c-d4ca-1d1b-b6b0809db433,10008,12,2017-12-24,4
f80716a1-fd9a-370b-d3d6-b8d8a672ac7c,10009,11,2018-12-04,1
5e9c3c53-1ed1-1b75-4b90-64815ef7436e,10008,12,2017-01-15,4
a9249840-29da-f8c0-bf83-86f08a1775fe,10008,11,2017-07-05,2
bc886d60-2e77-c2c5-d9ae-a6d8730575da,10007,15,2017-09-01,5
2afca454-37a2-7c74-f7d8-05b41ee291b2,10001,11,2018-08-14,2
32ed12d1-a4f8-0269-6acd-b7b53d336361,10009,13,2018-03-09,4
02d604c8-4738-f57a-5f9b-7ff579fe3a53,10002,12,2018-04-04,3
3b6e30f3-08cb-9bf7-e182-5183af2790d8,10003,13,2017-04-24,4
7495aef4-dc6b-bb9e-60a0-4fce9c371f78,10004,11,2018-09-26,1
f8047296-6a84-9d2c-c803-e211bc3bbc4d,10009,13,2018-06-23,3
91fb3c70-633c-4a08-3f7c-8fdc0882534b,10006,11,2018-08-05,3
27ae216b-3e47-3d50-7cf7-ddec4e090c46,10009,14,2017-11-08,4
fd664e36-fe20-2f96-9ff4-2c64620235ac,10007,12,2017-01-14,3
62955f83-8559-2be5-a6fa-1dd2209148a2,10011,14,2018-05-09,2
6982cb09-8cc7-229f-4673-a9edd9a1eebf,10002,11,2017-07-16,1
e6944d29-04e4-bf8c-a995-06a21585bc4f,10011,11,2018-01-28,2
6e1f4108-4f88-bf4c-1dfa-3613a4f66962,10006,12,2017-10-14,4
856e9534-5b06-d7b7-f215-f705988c5df1,10011,12,2018-07-24,2
1bcfd582-791c-db8c-b8c5-0db299b5d485,10007,12,2017-09-04,3
11d13849-a289-58bf-2a01-3e1de17fc0e3,10009,13,2017-10-19,4
b4c11515-d700-450a-55cf-fe97db47a5ed,10007,11,2018-05-28,4
f6110b2b-54ae-ae16-2ab8-ae1e42f684a6,10011,12,2017-05-22,2
323c8a23-520f-d227-33a6-5176800b6eed,10007,11,2018-01-30,2
c2096ee4-1e70-0c6e-3e52-f3b66ee8a4e8,10005,10,2018-07-28,3
b183ab83-66a2-01e7-d66e-02d595640042,10005,13,2017-08-10,4
08ab79c1-09ce-d341-93c0-7b85f6d6ab14,10007,13,2017-11-26,1
80aeab87-c7e3-e5a1-09cd-f536932d83f2,10011,15,2017-09-10,2
ddde71cd-f22f-b844-5f76-8e12d16fb911,10001,13,2018-10-30,2
ba16f110-0e48-006b-2281-8b17ad9575ab,10009,15,2017-01-20,4
db0d4c2a-e829-f498-aa6c-848af3af1ee2,10005,11,2017-06-20,4
ff9aea02-8e0a-4893-9747-4a86b494c8a2,10009,13,2018-03-26,2
1e5cf23a-2e32-5072-d239-36573491111a,10006,14,2018-11-26,5
2cd2417e-6c96-f57a-5daa-4a97b0785c9c,10004,11,2018-01-22,3
bbc80565-622b-6911-1935-23548d212608,10002,14,2017-05-03,3
3f157133-60a8-b3a0-3cba-2db1aa859a6d,10007,13,2018-11-09,2
5d477c1f-d18c-52bc-4a59-88520f244c9a,10010,13,2018-07-09,3
1477461f-cedb-0c80-e96d-20e6a1ce57ec,10002,12,2018-02-21,4
c5d2cd7b-a596-70f9-a957-41c872a17a1e,10005,11,2017-10-12,1
764b5dfd-6959-fdbc-2c05-f8b474175956,10010,11,2018-01-09,4
ca5a9564-22e1-4b20-ca1d-487b782944e2,10009,14,2017-12-25,3
a671edd2-65d0-5e74-5d25-0d453b141d70,10007,15,2018-07-02,1
bfe71fd8-aece-646b-9c69-2ca81f237f9f,10009,12,2018-06-28,4
ac9d671a-f489-0183-098a-d3f7c8a5bdb9,10009,12,2018-04-23,1
344bf4e3-3c28-c333-fedb-c9f7e22aca0f,10001,10,2017-05-13,5
5698d04d-a632-e179-b4cf-31384753ba6b,10011,12,2018-02-15,2
eda47483-bdeb-bead-c1ee-34098cbae3aa,10002,12,2017-05-01,4
0d928400-212a-5927-9f31-3262c13199c8,10009,13,2017-03-22,5
f78283e4-fa76-8b85-8940-80be32e9d379,10008,15,2017-09-02,4
61ee2c01-2e1f-9316-388b-57773fc6eacc,10006,14,2018-03-12,5
3eb2a15d-6e7c-99a2-f2d9-35df243d642c,10010,14,2018-02-20,4
4425fe5e-048b-bf01-656a-c13b584d245a,10002,14,2018-10-19,4
5c255fe9-6102-ccf1-ebde-b2ddb3d40227,10008,15,2018-11-26,1
a9cfc149-2091-8200-324d-7704a1a8f794,10008,10,2018-09-24,3
664d9137-971c-0001-5f8f-a9588fd07014,10005,14,2018-05-22,4
8d432a7c-3efe-aa31-5eee-f70e4cd374f1,10011,12,2018-01-25,2
f83bd60e-ae97-3fd0-4d48-8c804418cfb9,10009,10,2017-08-27,2
6ef313e9-d8ea-dda2-3eef-94dfb3a47e18,10004,13,2017-09-07,2
ee4382d2-46fd-ea4c-8378-0b2133fa1dd3,10011,15,2018-07-28,4
7c4e25bf-f63f-c10f-6cc9-04963a5bc1eb,10004,12,2017-01-31,1
07d6b90e-5f08-8142-0c70-9f2ec0532621,10008,13,2018-10-19,4
9e9db815-265c-fb5f-b56d-3e9208c0a490,10003,12,2018-04-29,4
5aeb2cd5-92b2-1282-bcc2-57a937db51a7,10003,10,2017-12-05,5
7bed53cb-ea4b-28ed-062e-2226576ed00f,10011,15,2018-10-24,1
a860b08b-78a3-3826-c42e-e2e154194481,10010,15,2018-07-19,5
e723d4cf-a068-3efa-65cc-70e89278154f,10008,15,2017-07-25,4
d118e452-5797-7b8c-4cee-4a49fa6795c8,10002,10,2018-09-22,5
ea20e9a9-0816-85e8-7ed2-72628851147a,10001,15,2018-03-16,3
7d53e117-7a4d-711d-ce88-4d30199b48ae,10008,14,2017-08-16,2
141e0dd1-4e9c-9733-a844-6aff68b5eab5,10002,11,2018-08-08,4
05a994a4-ec5a-a1fe-dcad-9e1ed00eb72f,10005,10,2017-06-28,2
1454f5d4-5417-fff4-ba30-79969defd2af,10010,10,2018-04-13,3
936f0a16-7b25-414c-cc68-fb50cdd23f56,10003,15,2018-09-24,3
960b6bc9-180c-0cab-ac65-a9aed42bdc5b,10008,11,2017-01-23,2
e1351585-2611-4c0a-8593-2d154702dec2,10010,12,2018-04-25,1
26dfa2af-ec20-98a9-2aef-c987d4861e4b,10008,12,2017-04-29,5
860bd530-de62-92e2-ed6a-ead5275004f8,10001,12,2017-08-01,2
4b61a7e3-58b0-456b-73b3-74d64572bd28,10001,15,2017-09-02,5
fe78eddf-e5df-c139-4735-cbf262725903,10007,12,2017-07-30,1
c262e4bf-6a28-3539-67de-d77763209a75,10005,11,2018-08-23,3
1adca960-3177-5466-7a49-1ae9374e84e9,10011,15,2017-07-18,1
a7336908-1b84-2322-bc66-23435855e693,10008,14,2017-09-29,4
67b13378-dc8d-8972-ac4c-41d1692cbf65,10003,12,2017-06-14,2
1c9699d0-4d95-9524-2a8c-e1aba2103b2f,10002,10,2017-02-18,3
e6be602e-dc82-6aee-b275-c3db54d7c4f9,10007,11,2018-03-24,2
9f911a28-6765-3848-9f20-51fb4a7f4533,10008,15,2018-07-07,4
dd3d3b8a-916f-db57-c16a-658174d6f31e,10002,15,2017-06-10,1
0cb61fe7-3d71-4090-9286-da61d949a8d0,10007,14,2017-10-07,3
7df0d226-8358-90b6-6717-a2cf105582c0,10005,14,2017-11-13,2
1f8250ff-6fce-5d4f-c82b-8b44822a0740,10011,14,2017-07-08,1
c6eafa90-8305-3acf-c123-07357eacd6f8,10003,10,2017-12-01,1
6ef9dfbc-eae2-22b3-4a65-e8afed4815ab,10002,10,2018-09-27,2
0213a3da-85da-11b9-73ad-3dbaaabf93d5,10004,11,2017-01-29,2
7ed5e9c3-c866-fa3d-40c9-e0413cc7c182,10010,12,2017-04-19,1
14deb5ed-6fae-5389-8b77-4aee64b0c9d4,10006,14,2018-05-08,1
faf61baf-7b2c-b15a-690b-42de8bef642a,10002,13,2017-02-12,4
bee0f17e-8307-5dc1-af6b-97e1d2a4b775,10003,11,2018-03-05,2
5ee7053c-8a77-7e19-c490-526a06c54371,10009,14,2017-12-09,1
839f973d-d2e8-df7d-f39b-e1e2607a48e9,10007,12,2017-10-24,5
0c50196f-5d14-2c7f-ee8a-f6a26eabf8a5,10010,10,2017-11-17,1
35576482-5b93-fe4d-d4ef-e21b43be51da,10004,11,2018-09-17,3
d8425df4-79f8-aa83-29d1-4758e069c36c,10006,10,2017-04-03,2
e52bfabf-33c8-09c9-0596-ea82de76bbdc,10009,13,2017-07-26,3
3d513ff5-d167-2518-bd3f-38f5da67dc75,10005,11,2018-09-23,5
9c794078-2bdf-0550-62f9-1ca5fad428bd,10003,10,2018-10-14,5
202a2e77-7724-65ad-b35b-ed207fa527f2,10005,10,2017-09-19,2
4b730ff0-8314-4e76-aba7-584a97ff9bb5,10008,10,2017-04-30,1
b69c7529-10c2-8a45-d72e-2e238662251a,10010,11,2018-08-25,4
0969e9f8-4375-4a99-e4f7-bbbd73e52d87,10008,15,2017-11-01,2
b6c98a53-68bb-3bc6-7d7b-fea120b31cf1,10002,13,2018-06-10,1
05835495-25b4-5108-9ae9-a73a7f554e92,10011,14,2018-02-20,2
e28d40ef-d7ed-1876-d38f-2ab53d6f9eac,10010,11,2018-06-25,1
b9a6da8f-ba99-d719-1fb7-ddeee1696f12,10002,10,2018-12-24,3
0bdc6f0d-6c32-322e-8f7f-7799d2e92dbf,10006,13,2017-10-16,4
b94461ba-f2b7-c1b4-c0c0-0b8913e16b55,10011,10,2017-01-31,3
5c0ac455-9706-1cce-ef77-bbdffc3fa7b7,10007,11,2018-05-06,2
c5a527ff-7eb1-e41a-4bbd-8bb39c9a5ba2,10010,10,2017-01-03,3
f3ae3428-5970-a9ce-9557-7ddac179cd3c,10005,14,2017-01-06,5
05b605e4-57cd-6565-144e-b2f43151a750,10004,12,2018-03-26,3
97a21d69-cd26-4726-ba5f-5f4d2818c6d5,10003,11,2018-12-06,5
f49ddd39-1da1-653e-2a6d-d9dbd91b1ea6,10010,15,2018-11-28,4
9bc28bda-fb1f-d295-f843-609fd74f84af,10006,13,2017-05-31,4
3d3e2f95-a1c1-d518-3680-6b50e3af5dab,10009,11,2017-02-14,1
0e4a94c9-4d33-99f9-69d9-796ea19e2ce5,10008,14,2018-11-16,1
7c5f6df6-49cd-c567-43e7-e04d0aa62dcc,10010,15,2017-12-20,5
b14e12c0-ea30-1f39-1d79-e815c321e17c,10010,10,2018-05-09,1
a0d3a9ef-67a0-63c6-4b6d-510fadaad03d,10007,15,2017-03-16,4
d2834835-9148-f9f4-9cd8-895fd0a45350,10009,12,2018-10-09,4
149a61aa-d161-c729-80b4-508fbb6f1e48,10010,13,2018-11-11,3
ecd3d431-6466-fff7-1ef2-f53278c7f61c,10003,14,2017-10-30,4
3991cd67-fdda-7b6d-44e3-1bbb96aa97e6,10010,13,2017-10-22,2
3c39036b-3dd2-2031-6c37-06dd707601c3,10007,14,2018-07-13,3
d7bafbba-d1e0-71ff-cedb-f0de45574e96,10001,12,2017-07-20,1
37dec981-d959-81e3-8c48-d2d55134b0ce,10006,14,2017-07-15,1
78b32fee-d90b-0e35-0d67-f627c3e5e93b,10008,12,2018-07-05,5
1c36890c-78ec-ae8e-2a53-68c4b68dc7f5,10001,14,2018-11-19,1
21e35e90-7985-3631-2e8b-108b18edcc68,10004,15,2017-03-14,5
f4218cc1-14ce-9b51-8c4c-902c9e64d215,10011,10,2018-10-07,3
033ca20d-d805-ecfb-57dd-a3f85ab28ddc,10006,12,2018-02-14,1
f8439ae1-fdf8-a93b-2aa9-9ae86e855a89,10003,14,2017-05-22,5
dd5c9ad6-d774-3379-9b03-b41d9fe43ae8,10001,14,2018-08-29,3
ca9a2092-07ea-7950-f29a-c5661db7faf5,10011,11,2017-03-09,5
1a90698d-c0c5-5c91-416a-f827062481e3,10002,12,2017-12-03,2
d8233d44-6ed0-0a04-4527-1f6d26ee7328,10007,14,2018-10-13,3
02fbdb96-65d9-9de7-7d4b-57edfc71482c,10001,14,2018-03-08,3
0d067e13-2489-9241-beed-bb4cd41b4fdc,10007,15,2018-02-28,4
853a7a25-cabb-25a9-8acc-b749c4e47312,10011,11,2017-10-26,2
fe968deb-8961-9ebd-89eb-b0d3e68d40ee,10004,12,2018-02-17,1
dfe85615-8077-51bb-8b70-9b146b8dbe0a,10004,10,2017-08-12,5
8ed6dad1-8f25-ba43-42da-d9359b3d825c,10007,10,2018-11-30,5
71e094f6-fe17-d607-97be-fbe569431786,10009,14,2017-02-21,3
10467ba5-92c1-9f24-0e47-9481eb457312,10002,12,2018-09-17,2
780e6243-dbed-5383-25af-a621a85bb75f,10006,11,2018-02-11,3
6e7c60f0-3321-04bd-c8d4-b74428d84bea,10011,14,2017-12-18,1
62635159-8bc9-6ade-d83c-030ea04067c6,10002,10,2017-01-28,4
2ce04679-3d29-23b7-79a9-882af494c9df,10007,14,2017-01-05,5
89a2e4da-dfba-f6cc-c705-8d84fc4d1b2c,10009,15,2017-08-03,1
9eb37553-061d-bf32-85ba-4cd40584ecdc,10004,15,2017-02-10,1
2807f650-73fd-75f8-015e-13ef02fb4a06,10006,10,2018-09-16,3
61fb8d52-10fe-7820-f0f6-43af985a8bce,10010,14,2018-09-09,1
7b6618c1-8187-a192-73fc-093847a2f584,10005,15,2018-08-03,2
3d84055f-4561-1533-f153-459953769ea6,10004,10,2017-02-15,2
30392047-684b-3028-5a8a-7a46f3f03175,10009,15,2018-03-03,1
9094560d-0bd2-082d-550b-891e25c8fcb7,10001,11,2017-12-26,5
e1a83b4b-d289-0c2f-3c3b-7ee11db38be0,10003,15,2018-04-14,2
127a436b-dcef-a857-209d-3307e6d4e535,10005,15,2018-03-05,5
e5b9c076-3441-45f4-6914-24baa5505223,10010,11,2018-12-09,2
602fd06d-7931-4aa5-cb44-02672ad5c012,10010,15,2018-10-11,3
e0418bff-816b-b064-14d8-892fd121256d,10010,14,2018-10-22,5
b52eb485-19c9-edc0-4a66-2e13d9b53eca,10004,11,2018-11-19,4
0f933039-c359-052b-675f-9352464a2072,10008,12,2017-03-24,4
17d3e00b-d40f-8c0b-f028-adfe3f843a0c,10004,15,2017-08-25,5
25183017-fb53-7708-e612-aefc1b1b9b77,10005,11,2018-06-23,1
6d241d47-d941-6334-4dc8-b0bf04b442f9,10002,15,2018-01-21,5
c3d31018-bfaf-19bb-baa3-c7dd24b1ec9c,10011,14,2017-01-23,5
641d334e-3c56-d8ed-77fb-ecb72c333565,10005,10,2018-12-27,2
743fdb2d-d637-d0aa-a6f2-3274788bd1c0,10011,12,2017-01-27,4
2cecc4db-450e-dd52-586d-140f1330d57b,10003,14,2017-08-21,5
b746f80b-5a7e-aed0-b2c6-8247f753d555,10010,11,2018-06-22,5
790c5bec-b508-b3a4-3aea-7d420a670cff,10002,11,2017-10-31,4
a7076197-70e5-713e-629c-7e0ff2949661,10006,15,2018-04-28,2
66c34dc0-6462-97d6-61c1-3c27d46b4e0a,10001,15,2017-09-17,1
c72fb81a-d42a-c768-aa34-6c5181245c55,10009,14,2018-01-01,1
04469e15-ff81-36e1-bf17-4a9c28abfdae,10005,10,2017-10-17,2
16c0a9a8-2bb7-bee4-5cf5-60ecaa41222b,10001,12,2018-08-16,2
d7d25e8b-d431-4bf2-5989-090f15724118,10005,14,2017-12-08,4
a8172060-d725-2d26-0171-657d12cea339,10004,12,2018-04-15,3
00135b7c-b5dd-e650-c7e8-f1b0cfabc417,10007,11,2017-11-08,3
fd4f2589-fbb7-0e2b-2fdf-cd74721a9603,10011,11,2018-01-25,2
86fe270c-9b5e-37a8-127c-a8632eebcce2,10002,14,2018-09-03,1
6fcd5411-9d34-84a2-cb3e-627bccb100ae,10001,11,2017-07-16,3
b18a8370-8e75-8715-eed3-936f2e79433a,10002,12,2018-02-16,3
5e57cfe5-fe2a-2507-317d-becdac01aedc,10001,13,2018-01-27,4
f3f753b5-7513-54e8-88d3-76b4e640cd3d,10006,10,2018-07-29,2
fa20df6c-8746-a640-5f5b-735a119013d7,10005,14,2018-01-27,4
8349bcb8-51d3-fbbe-6437-713a0ecc983f,10008,15,2018-06-26,3
f755e35b-9e1b-4cbe-e173-394ea428a0a4,10007,11,2017-05-14,2
ebc6d642-c461-5ec3-9861-4b04bb33af20,10007,12,2017-07-21,5
ee18c32f-5299-18ed-149e-cca9f47b14de,10001,12,2017-09-09,5
255bd43e-5190-97d2-5e89-a44f63fd8c26,10001,13,2017-05-12,5
3c05f5af-3f0d-28ee-b471-7b7caaddbeb8,10009,12,2017-01-14,4
cbbf5912-05d5-6f47-a919-120a3135d23d,10003,13,2017-01-18,2
f5f42f81-f63f-f64c-7126-8cd0c4a0c8dd,10004,13,2018-04-28,5
f76970a9-e192-e1e4-05d9-c7bc99d0f577,10002,11,2017-07-12,2
aee277f0-7c63-c48a-ecc5-21c796592586,10011,11,2018-12-17,4
167c590f-4a01-663b-e639-3a568a6d70a8,10011,12,2018-05-08,1
2bf9beb8-845b-6c77-a7b3-7864671dc20d,10001,12,2017-01-10,2
97ed842b-67ed-6aa0-bd6d-78a7bcee988a,10009,12,2017-08-05,5
989b7648-f924-b78b-17ad-ceb83f76d2b3,10001,13,2017-08-24,5
24b94018-2339-4e99-923a-5fbc3ed8cec9,10001,12,2018-10-18,2
da1abdb0-3383-6408-feac-bbc2c13c78b5,10010,15,2018-07-28,4
1b0c4f63-c7f3-bd7b-8aea-cb4279802600,10004,12,2018-07-12,5
226dbc20-2a04-9b70-3eb3-fa27f4737c68,10002,11,2018-07-18,3
637fbbb8-8e14-6c85-50e1-289b9a31c311,10011,13,2018-03-21,3
1871ae42-7f20-1800-5a10-2272962d3ca8,10004,14,2018-10-09,1
57026fc4-dcc7-2ec1-2ae0-9c373c5f329a,10003,15,2017-11-16,2
0699e186-bcdb-302a-da31-da36b94f358c,10010,10,2017-02-19,5
29ef20ae-b454-dbec-53c7-4eaed36c0c04,10006,11,2017-12-10,4
c25481c2-afe8-e590-fd92-31d5e6e8b9cf,10002,10,2017-12-26,2
3f575f82-4451-1d61-2839-ad79b2088aa3,10011,12,2018-11-24,5
9cf50ea4-590a-f83a-d8b0-f8222298f53d,10002,15,2017-08-07,3
52ff727e-02e7-eb01-5829-38fe0eae1283,10002,11,2017-01-10,3
d34e0ec2-b3ee-6baf-7bf6-06d6c1d0dc00,10002,13,2017-07-21,1
7d720c6e-7e69-6cca-9b1c-61c6dcb1b3ee,10002,11,2018-03-17,3
036c2748-61d3-c285-1e5c-a10da4102480,10007,10,2018-02-08,4
f35e49a2-2cc0-eec1-6357-036b2c9f921d,10001,10,2018-08-30,5
c792c760-0502-b317-90cc-bc7773fb0172,10005,12,2017-06-14,2
305d6c58-b7b1-198a-9ef3-c497f2c3f27a,10010,15,2017-04-12,1
cc06193f-5c36-bcfd-6d6f-0b37637edeae,10003,14,2017-03-10,4
a3ac0cca-94a5-4e20-8cad-0fb3a343587a,10008,15,2018-02-01,4
f7835dc3-82f1-c63a-72f9-320f7149e3d6,10008,10,2017-11-30,2
e7c1c967-a8a8-f1ff-cb4b-5aae498c254e,10010,13,2018-04-27,2
61b5d945-5172-0c4f-635d-86bcbf680056,10004,10,2017-11-24,3
be44484d-427c-d6a1-286d-8bef46071750,10003,12,2017-02-09,3
2cf5e5c0-3b15-9e89-f728-a7b4ada4b6b4,10004,15,2017-12-18,1
477a2264-9405-c630-7d1b-b1a0fc56dd2b,10011,12,2018-04-28,5
46aa738f-d0c3-01f8-3fa0-d54c8468cb2b,10008,12,2017-11-13,3
91892e47-515c-d63e-db54-c253ec23bbeb,10011,13,2018-10-01,1
2c927337-1d37-9ab9-7dd0-adcde7ffd61a,10005,14,2018-06-09,1
347fdef4-0319-cfd1-80f8-d913c35f11dd,10001,12,2017-07-23,2
8156faba-76e3-49e7-0e6c-29af40615240,10006,14,2017-08-18,2
a1aee022-fa81-8999-c998-6feb1c0d0f2e,10006,12,2017-08-24,1
f45da4b4-6e4c-6f4f-c235-71b3bc32ef5e,10010,13,2017-06-15,5
c6c70b04-86d9-e6b3-722f-57700c40443b,10009,10,2018-04-22,4
a0545aa9-ed95-2973-f175-92ca2835c134,10009,14,2018-04-09,4
f71f3c39-c688-2c68-d36d-1e01555e88f6,10003,12,2018-03-01,2
e82e0652-dbb5-db4a-ba3b-78862937a2d6,10007,11,2017-06-09,2
8a44421b-50b8-27e6-a29a-6d1826c126f4,10011,13,2017-09-26,3
171f58be-729c-9743-9df8-a7b63b9cf495,10009,10,2018-02-03,3
87826fa8-688c-9bd9-24cb-0a551ac204dd,10002,11,2018-12-30,5
885eca7d-7d0a-258a-0e78-486ff6f8edc8,10001,10,2017-12-28,5
b77e9b8e-a28a-45a8-59bc-614049913e39,10002,14,2018-06-04,1
cf9dd52f-2301-e216-9c82-0542182ddd2b,10008,13,2018-07-20,1
1cedd7f3-f044-5304-7d8f-e10e591c2550,10003,14,2017-09-27,4
0778ba5b-befb-f854-977e-be0843569b62,10010,14,2018-09-30,5
43b24e51-a31c-bc72-721d-4cb07a6db307,10004,13,2018-08-15,5
0d3bdc71-da99-d195-9ee0-0944a782228d,10003,11,2017-10-01,5
5e3cc5a1-33e6-a8ef-38e2-4dc7461fc961,10009,11,2018-01-09,5
bf1ad4a4-2194-3aac-c163-7bebd2863a5d,10010,13,2018-10-17,4
d235a5ec-36f9-7fc8-129f-52e3c28b47eb,10011,13,2017-07-14,1
b5960dac-a1f1-d831-e812-0a5fe5c2bdfd,10001,14,2017-11-28,4
b477f60d-bd04-ab20-ef03-18c75bbb58d8,10002,10,2017-10-05,3
45c90512-ac21-bb57-505c-e7257012fccd,10005,11,2018-04-04,4
e9610154-29ef-70ec-59c6-3f19c4f3cfba,10001,13,2018-11-30,1
05993633-cda3-fded-948e-708122ada10a,10009,13,2017-08-17,2
4ab488a8-1fbd-f9e0-ea11-3ead521c435b,10006,15,2017-12-15,5
154df68e-4e2b-5e34-313c-70d45f0111e3,10005,12,2017-06-17,5
e3b3ae18-d18a-2199-fc7f-4df9046fd77e,10002,11,2017-08-08,3
69aa224b-3f64-b4a1-09cd-b5585149a4d7,10011,10,2018-01-06,3
60edebfb-a6f3-7aa8-2798-8e3348572f11,10008,11,2018-10-28,2
75d08e7c-893a-4d74-f49f-1ec3811889b6,10002,13,2017-03-25,4
962236ea-da11-dd81-583d-c8448ff6d65b,10003,10,2017-12-05,2
ba3dee31-089c-4faf-0953-8957418bfacd,10005,12,2017-02-01,1
dac997e4-7ee3-25fb-1151-c051af6a4cdf,10005,12,2018-08-11,1
6241e707-84eb-ba2c-3692-0bed0e8a718c,10002,10,2017-03-06,2
834f3823-57bc-7fcf-d1d1-c5c3151a913d,10002,10,2017-10-23,1
40fe99e5-36bf-8081-3e0c-72d08becbb8d,10006,12,2017-06-11,5
424a6d61-f385-d4ef-e20f-f15a83b67285,10006,11,2018-04-15,5
56a650bb-f5fc-f0b3-8800-abeea32239ce,10003,12,2017-07-31,5
57f66688-2ecc-8b71-3f58-ef6548083c08,10008,10,2018-07-07,2
38d5f0fe-9b4a-e4e4-dbab-5c3823bcca92,10010,13,2018-06-14,2
86f6ff02-268a-56db-ff0c-2e944fefc5fe,10004,10,2017-10-10,4
cab48d76-1e73-0b3c-a52f-cce97629bd47,10008,14,2017-04-25,2
629fbd1a-d26d-b74e-59a1-58edf6999892,10005,15,2018-07-23,3
c160e900-b23e-2b34-cdd6-ad816fa21cb1,10001,10,2018-03-12,3
95d7e8e3-125a-77ef-6a38-99002b0869e9,10005,10,2017-09-14,5
4e0a873b-4276-a85a-0472-ee257bf63488,10006,12,2018-02-27,2
935f9cf5-5f66-5a28-f497-d58c0be885eb,10011,11,2017-01-07,4
3bd41ed2-523a-d475-b19b-97b547de3fd2,10001,12,2017-08-24,3
e7b46d42-e5ff-9c31-62af-74e22f9c719d,10009,12,2018-03-08,3
adc94683-3422-6c5b-0d2c-3ae5852f56ab,10001,13,2017-02-13,5
80a49e58-5e6b-b80c-f300-a90316a45b07,10002,12,2018-02-10,2
665e64ab-63e7-5e09-5a04-1cf3f709400a,10010,15,2018-04-01,3
83b96c97-35cb-86b5-ea59-a7468eeca0ae,10008,12,2018-05-15,5
f9135c10-40ee-e864-b7ce-33c036114316,10002,12,2017-06-10,1
669c2ed2-93b4-f281-9394-461e04fd5758,10007,15,2017-02-10,4
64132f54-127b-6d24-eb39-3072eb3c8d0d,10011,12,2017-02-15,4
f024487d-e85e-80eb-d73e-812f7d2fea35,10006,15,2018-06-16,2
5538cc4c-35f9-f549-0d20-b51a308930bd,10011,14,2017-01-16,3
8aed2439-203e-e99b-c0fa-6facf51a6c1f,10004,12,2017-03-03,5
b89b1e75-dada-480c-8312-cd5a2f9ada2e,10011,15,2017-07-21,1
d6755676-de21-20d2-7d94-0178f82efe66,10005,14,2017-12-25,2
f0ef8e15-c914-0147-e83a-14a7bf0bc632,10005,11,2017-06-18,5
9c4c73bb-cb3f-0486-253b-2048fb6195c9,10010,12,2017-06-04,5
96bc3d22-e448-9f43-c98c-9a4962af574f,10009,14,2018-01-06,5
966eff91-6ca9-0fac-6130-8ad8f3a77177,10002,11,2017-05-19,5
774770df-25ca-d61c-79aa-ea5b6eab8cb0,10007,11,2018-12-02,1
3d192fd4-b4f0-b445-d766-4dc34b6e3194,10004,11,2017-02-28,3
99aa34cf-2c00-a858-9cb7-e2bd77b084c7,10006,12,2018-02-10,1
d01e0387-7245-9a55-77f1-4a6f131fe9c0,10001,10,2018-10-17,5
f85a763b-d3d1-1b70-a7f5-d71980dd75e5,10003,14,2018-08-27,2
ab8611da-9013-43dd-de25-87abd75dec23,10009,11,2018-01-30,1
dc5d8132-6a6d-2b76-ce06-be211773bf71,10001,10,2017-06-28,5
432bc242-c3ea-be0b-be1c-c02092c2cc14,10007,13,2017-10-28,3
72726254-3c38-79fe-1253-af2674122e8c,10003,11,2017-10-12,1
e065942f-b7b8-a891-5b26-b2126a4aca89,10003,11,2018-04-25,3
2d8f5751-bc22-e01e-0893-fd33955ba230,10001,12,2018-08-01,5
14741e7e-420c-4369-63e8-0ff24e1948e8,10009,14,2017-04-14,5
be222fdd-f81f-807d-192e-43845fa3dbfc,10007,11,2017-08-27,2
6bca21ef-aa6e-8e6f-5615-9332778182c1,10002,15,2018-03-17,4
57c6274d-bfc1-aad0-e977-f56176ef7a52,10005,14,2018-12-30,5
f57a37b1-f2ee-0ee9-e10a-8ed8d9e44cb8,10007,12,2017-09-30,4
04cf46ca-e59f-369f-f60e-5a9823135d7f,10007,10,2018-01-20,5
ffdb9aa0-c97b-fb5b-1863-7a545b8dfdad,10010,12,2018-09-26,4
475d7da7-ddf4-ec47-a0a3-e364917e55e5,10009,15,2018-04-13,1
72ab5a66-772d-8d58-3fa8-0ee0afc01fe4,10008,13,2017-04-09,5
3b2a5a66-0c64-a4b0-ad96-9280e366d2ee,10010,14,2018-11-30,3
01513676-94d5-1fb8-ef16-442bec444567,10007,12,2017-10-20,1
ddc3a5a4-f265-7427-91c1-a019742c11dc,10004,10,2017-03-30,1
c65f6829-d2db-94b3-6a4b-95ad5c652148,10004,14,2018-09-26,4
ae93b800-07cd-24f2-03df-d8c5f7c8b647,10011,12,2017-03-27,2
4c200672-cb32-d1ca-d68a-ebd2ed57b99a,10006,11,2017-01-11,1
be803ad5-3b5b-1e84-b530-5c875c71b6a1,10002,14,2018-04-21,4
0c90719a-67ed-17a8-2a5b-e77ce76bd36e,10005,12,2017-12-23,3
3ccc9b6a-fb48-feeb-48df-89e050dc402d,10008,13,2017-11-12,5
aeb6539a-7aae-bcda-60bd-049a83849f6b,10003,15,2018-01-18,1
b09a6bde-f080-0c1d-e9be-4a8394963b00,10005,11,2017-11-02,3
e6533f8d-fd2b-4f2f-8118-dc4978cfa84f,10007,12,2017-11-14,4
cb6d21f9-2bf8-259f-465a-7f4a7e2271b3,10002,13,2018-03-02,2
8b12e49d-cd75-cd46-dbd0-7b7183cebeb3,10007,15,2018-01-25,5
0fdc3e93-3dae-de1b-578a-562ab3dec494,10008,12,2017-01-08,4
94cf9ded-5cf3-b5a8-d36a-ccc4bb46fa49,10006,15,2017-09-13,4
daee968c-fc34-8a17-12db-47ccafa5080d,10003,14,2017-07-11,1
8d726d41-5e4f-540c-3446-380624c6fb7b,10004,13,2018-11-01,4
8480ece5-8b8d-2ed0-204c-8e49b3f6bef8,10011,13,2018-12-31,4
9087bf37-f35b-1ce6-5975-7745c5b90ff6,10008,14,2017-05-29,5
56ec3258-b4fd-d2b8-1fa3-24becece48af,10005,13,2017-09-09,1
7ae309c0-7879-a4c9-88c9-bc4f23969967,10005,11,2018-04-29,4
35b6455a-5903-ef42-e974-ddcd16bc8f58,10009,12,2018-06-24,4
c37ffebd-aca9-c8a4-585d-bf5a7618c8dc,10001,12,2018-06-15,4
e88163dc-eea3-a99a-b3a4-fb129cb87d47,10006,15,2017-10-24,5
7f40e39c-e9ac-2c99-0438-33212c0f39c4,10007,15,2018-07-19,4
60c67529-2e6e-0083-a349-662aaba766b8,10008,15,2017-03-26,2
405d9e12-d666-e97e-eecd-8a1ecce635c8,10008,15,2018-02-01,1
d82dd800-28be-c85a-1a92-a6d5e5852787,10011,14,2017-09-24,3
c2497cb2-f043-c8be-7a23-1cd8f03de659,10005,12,2018-01-24,5
66ae79a0-fc5c-380d-0dd6-1b458105f646,10010,12,2018-02-22,5
e70c8b08-d0b3-93ac-fb15-9199167139a3,10003,10,2018-12-04,1
0d530138-e1ec-994b-c8a5-91057cb8b509,10001,10,2017-12-30,1
c502c653-5547-f978-3999-e9efa0122e70,10006,14,2017-10-09,3
2b2f5ae5-d8b1-1884-9604-1af1d233671b,10004,11,2018-04-18,3
aa0c6dd4-5dc2-556a-7b3f-6cbdb5d6f25b,10011,14,2018-06-10,4
58ed5ac9-9f3b-3b3f-b007-6e1bf6084054,10008,15,2018-09-14,2
fbc94908-5448-96b0-fcd6-8ea66037468a,10009,15,2017-04-08,2
9b6ebc98-c035-3492-dc9e-ee3c64583bac,10009,15,2018-01-27,1
855bd718-1bfc-2dfb-2a62-9d46f6f07b87,10011,11,2018-04-10,4
81e35625-8d14-c825-b04e-b1bdfb1ce4cc,10006,15,2018-03-18,2
a2858906-5797-df8f-eaf9-d26224a7a05d,10011,11,2017-08-07,1
eccb8a75-7ea8-4c81-6cdd-2361d76e2676,10002,12,2018-10-23,1
0671bc17-56ce-82d4-b459-18f41108679e,10010,10,2018-03-30,1
