id,guestid,brandid,paymentdate
163dee40-b669-9a31-9fa5-a9c3e9595cbd,10004,11,2017-11-23
274d0eab-b04a-6ae6-f94d-020f74bca4e3,10008,15,2018-07-23
cb515933-17d2-4771-615d-ba6b5d996858,10009,13,2018-06-16
e4150d2a-4203-750d-1be2-ff230a653d4b,10006,15,2017-02-14
44270b39-e579-9cee-e227-a1bde77c1c95,10006,12,2017-03-18
d7743faf-697d-05a0-573f-8e447ec148a0,10005,10,2017-02-28
9446af47-7160-f602-153b-1685cbe54ae4,10009,13,2018-02-05
5ea6039b-b158-3fe1-18af-3969b8485ad5,10011,14,2017-07-02
1632a2ab-b29a-69fc-6f52-6e8a6ff1c5fc,10003,15,2018-10-13
140623a0-e99e-bf52-50d7-1554197dec6a,10001,10,2018-10-23
d3264b06-9c2d-75d5-5d65-3988b69bd2b1,10008,12,2018-11-29
9e67cdca-e685-8fb9-2761-dbdd1b593880,10010,13,2018-11-21
dced9a96-3691-b608-998d-cec911e74254,10010,12,2017-08-07
f3f44726-8c62-842e-b2d0-1fb219db510d,10007,12,2018-12-04
01166303-3e6f-2352-0b0e-f17d9779870b,10002,14,2018-07-31
82b340ff-6d17-af3a-f392-342a897df637,10001,12,2017-10-18
07b0963a-7b07-6fef-0b16-cd10c33172ea,10009,12,2017-03-04
552ad975-7e4b-0b02-af79-378ab8c6968d,10011,13,2017-10-04
0f8fb092-a2a2-65ab-76f3-4a7474a706aa,10005,15,2018-07-25
901d70da-0349-d626-5d48-66c294d5bacc,10001,13,2018-04-01
8374abab-b998-03de-7c1f-d5a993e88e5c,10006,13,2017-03-28
9b350871-c215-5149-0174-e9ee0ff235bc,10001,10,2018-06-25
b7e59cea-e544-2a07-ad45-fd44f0f19dfb,10008,12,2018-03-30
83302610-e8a4-d93a-d283-d4b4180d9c10,10008,15,2018-06-06
130a6daf-be81-928f-4d12-e8892287bb1c,10001,13,2017-08-10
f0ad2ce4-9c2f-2bba-d418-11b7e82e3c43,10009,11,2018-01-01
583a2d9f-936c-f580-3964-efe847a3f6a2,10004,11,2017-01-22
fc460b0d-e643-9a8f-0c44-3adad0b87d79,10005,13,2018-12-07
7629cd94-2aa7-ff7c-6348-1c24214622ae,10007,15,2017-09-27
fc826792-001f-21ee-48dd-52eb6448f720,10002,10,2018-01-15
8a98c756-87fb-8b07-9d6f-f683e541c9af,10001,11,2017-03-03
b6fde416-803b-085d-e248-e50cafb9b825,10005,12,2017-05-19
ac51d83e-0096-dd96-156c-41d7311a9b18,10002,11,2017-08-31
61740233-5b4e-aa6c-70a1-1b123918b385,10005,10,2017-10-09
118bedfd-6221-2707-720b-647e639a0ae6,10009,12,2017-02-12
ef214d78-bfc1-2eef-887f-f6af5e9f2c12,10001,15,2017-03-27
ed1ce5b8-8c53-bd9b-1e70-d43bf96dcd6e,10006,14,2017-10-12
7b4844f5-1e8a-3e3f-c248-dfd7409e8964,10008,13,2017-04-07
3174569a-453e-4a1c-fd4a-923ed3768672,10011,10,2017-10-06
756c5156-68d1-25f3-9485-4137b9539ac1,10002,10,2018-03-14
94b82c17-fd71-9661-b653-d02b0bd77165,10006,15,2017-04-21
12d4d058-46ae-ae65-ed7f-73d8ef897202,10009,12,2018-11-14
49270517-3387-3675-f97a-acc2d6c7287c,10004,11,2018-09-17
c9915c12-3afa-3711-6b74-1e0a765b4ef9,10011,15,2018-02-03
ccc2ca60-b9df-3eb9-9d9e-74e828111c4a,10009,15,2017-05-13
f2505db6-9469-0a08-31de-fa4405fdee84,10005,10,2017-02-24
3390d64b-5fa1-2a37-8146-4a07cffc8928,10009,14,2017-10-07
ffb805cd-1da0-541e-23c0-c40dc7e14b37,10007,14,2017-11-11
fad91f51-f43f-3de1-724c-1c4ea4219081,10005,11,2017-01-19
a1c5069d-37d3-f087-cf0f-25d802f8fafe,10004,13,2017-09-01
ffc7815d-7418-8fb3-4a6e-6ac42fd46923,10002,13,2018-12-13
2da125f8-36ef-68fe-c3cd-09684dafa0e7,10009,15,2018-09-22
60ccddbb-8a8d-71f8-7858-191365c8ec32,10007,12,2017-01-31
c5fc9f9a-3d7f-4d23-899f-148e0a8e8927,10004,10,2018-12-07
d1a21633-6316-0e4f-b98d-0cb6df9ba5c5,10001,12,2018-08-10
1d6be468-8d0f-0213-0182-888c95f5125a,10004,14,2018-09-18
ba2a816d-57d4-a379-36a0-3843d33a5d7f,10001,15,2018-01-17
dace4bcf-5b3b-d2ed-9310-c4b70a70d5b6,10005,12,2018-08-16
bce34843-343a-9bb3-4c08-88f2b1d89b30,10006,10,2018-11-18
7daec5d3-b9d6-6c24-d978-4bcf84e8eba2,10006,14,2018-02-16
a81e98e3-a946-eb4d-a490-476863263cb7,10004,14,2017-06-13
f10c78c7-4a30-2f52-9d1b-a26eae971966,10007,10,2018-09-07
c2beff65-5767-15a0-dfa4-4d7ab77d3109,10003,10,2018-08-30
65331d38-36ef-8ec5-0fdf-9184e1a6df83,10004,13,2017-08-10
de09b53c-1609-1da8-5e7e-b1337bb04a90,10003,11,2018-01-24
f58f47d2-abeb-6471-6ee1-343a605de7de,10011,12,2017-11-27
6110d5de-74d7-6d00-d332-fa524b16d2cd,10009,13,2018-11-19
fd58f008-4f5f-3076-469e-25dfe58013c4,10011,14,2017-07-14
c2aaec72-32cc-3a33-26b9-327da59a3eb4,10004,11,2017-03-21
acdb6250-e9d5-43b2-a703-b340d86b30d8,10006,12,2017-03-20
38d7a421-30a5-e9e0-6cae-eecd07f47068,10007,12,2017-07-25
78b6c7cd-f3d9-451e-6e03-cc15bd746c88,10001,10,2018-02-09
36342178-069d-d68d-895b-679bc8932953,10002,13,2018-12-16
21de26dd-4bd7-b0b9-eddb-db9052014953,10006,11,2017-08-31
f359f6bc-2abf-c974-a6ea-af2a31e5714f,10006,10,2017-07-30
30dcd044-d434-c4d3-6a6f-c1a3f24e445a,10011,13,2018-02-12
c1744df9-49dc-c900-0908-7dbbd1818c8a,10007,11,2018-03-17
ad2bfbce-dc3e-d201-81b1-05a3242083d4,10011,13,2018-10-16
4ed18686-bf0f-2e7f-cbda-867425e93d4b,10005,10,2018-09-22
72e4b85a-1853-7dfb-34eb-8a747019fc51,10008,11,2017-01-31
bba3d512-fd66-8882-a807-a6778e520c26,10004,11,2018-10-04
6015d0db-59a4-93fd-9a8d-795db9d0cc17,10010,10,2017-11-10
adc38101-dcbd-e996-ec02-c9358b856891,10002,14,2018-10-28
f5e0c0c0-ebc2-ad7f-2805-a1b909189b94,10006,15,2018-11-06
d2dd4f7f-fc0d-5b82-10ff-e052adc450bb,10006,12,2017-04-19
55310ed9-f9c4-86b5-0c61-55721e6c52da,10003,13,2017-11-21
f21f881d-a44f-16e7-c487-909541a70411,10007,14,2017-04-20
7af31ac4-c830-fdfb-9781-7e26d7e6a445,10008,13,2018-01-03
1a2fe7e8-9038-0600-2e13-bc6df913126d,10011,13,2018-03-19
574cea36-f9f1-d504-0a39-b1824d218d75,10009,12,2017-10-12
0d0ea8de-b6fb-8f58-83f2-bb883f40c35b,10011,11,2017-02-12
99095430-f734-09ba-abc9-69bb10b3e7e3,10003,12,2018-09-07
97732eda-2f22-0814-220f-b78af2de8543,10001,15,2017-11-22
a1fbd065-6277-c61c-31eb-30d9667f6ca9,10006,10,2018-04-08
b92a0fcf-2dfe-072f-20f4-492a6fc772e6,10003,10,2018-08-15
80e13e3c-753e-2ac3-6665-ce0fdfc6933b,10007,13,2018-07-15
e42b822a-cd28-9bae-7e43-a881e9362f35,10007,12,2018-11-01
d430161a-0a21-59b2-2b0e-272e41dcd4ec,10002,11,2017-02-10
d61a1aa9-8bab-8cb2-6221-007a3359d345,10008,12,2018-11-21
23dd13a9-86ee-fd45-54f9-837cbf2b763c,10011,15,2017-11-30
49e3c787-172b-3d12-d845-d732812909d6,10007,15,2018-10-28
3584b351-df73-6228-bc02-c22ea67623a6,10011,11,2017-08-17
c2e07b3c-cc95-b7fa-5866-ca6d406e9636,10009,15,2017-09-23
52c6a06b-1597-3217-c8eb-c0ef6dfb28e3,10009,11,2017-06-23
ae94f436-ee50-5da7-ffaa-0a541b6b6ad8,10006,15,2017-01-10
cc480503-95e4-77b0-6c51-4fc920c349e4,10006,13,2018-06-06
f07be06b-6ce1-b940-89c7-0253eb62ab1f,10005,13,2018-01-13
58d2319c-5d09-28bb-80a2-8170b391171d,10009,11,2018-11-30
e17a5abe-6ab0-d6ef-d0ce-95d4fe1bf892,10007,10,2017-08-08
540e9173-b2a6-2d2a-f3d1-3372d50b7bc6,10003,11,2017-11-22
c5129e29-570d-a9cc-bf77-2728cd2a0c30,10001,15,2017-12-09
2c08a9d0-3966-3db5-9851-614ef8511cf1,10005,14,2017-01-06
2762d180-2a4e-c464-5426-6323b1d47b0d,10004,12,2018-05-21
1c86e70d-4123-b6e7-9754-630c07dddacb,10005,13,2018-02-27
3610efa1-bb23-ec77-e456-bd770fd2200f,10011,14,2017-12-15
ca596850-1030-999e-5e88-4bb5d376fe64,10006,14,2017-10-17
82e3cf0e-655f-5384-6620-23a8420e79f1,10007,10,2017-01-27
25550242-b669-e37e-ad58-9672dd83eaf9,10010,12,2017-05-08
8de6d9e7-02b3-b5b1-8745-7e1f1e4ab275,10008,13,2018-03-27
b0c32a1a-60f6-0eb6-8a3d-a8428c6b77b4,10009,14,2017-03-10
6cccd80b-1646-98cf-a698-575b6e1e3778,10007,10,2018-12-13
c14b4050-f532-3598-017f-a3274670ca39,10008,14,2017-11-23
b346aad6-1bb8-8441-ebe4-0f21ab35ae91,10008,10,2017-10-07
04eb41b9-16dd-5c2d-375a-894521ed0738,10005,13,2017-10-27
111f2d2f-4d18-a9ec-675b-20f8aad14a9d,10007,14,2017-07-31
0a7c6085-59c8-13c1-59ed-eae333a9eee9,10001,10,2018-03-22
52f47350-2759-8479-ddba-4fa81325bdec,10010,15,2018-02-24
fc24dc46-42fb-f6d3-cf72-0e634611519a,10007,13,2017-01-10
3e4b5010-0eca-27eb-7599-e55372890892,10007,10,2017-11-01
c2b9617e-6b9f-c8be-4cd7-190c64ddaa06,10005,11,2018-03-01
34e7a12e-919b-2a97-7f90-8fcf5c80d3b1,10009,12,2018-05-04
9b6097af-ea47-b8f9-e274-ac8d3f93c6da,10002,11,2018-12-21
dc21314c-e792-0d5d-b5b6-acb269fbb7d1,10006,15,2018-01-02
d71b004f-53f8-ee14-bd82-aa9b16d18628,10003,15,2017-01-17
7700da0c-cebb-de01-41cb-2ad1a1f02136,10003,14,2018-05-25
922bd018-d227-5e74-563b-db47badc0643,10011,11,2017-05-14
cb32ddfa-0de0-cbcc-c9ed-c96c031f81ad,10004,12,2018-06-26
93de3ba2-5e24-a753-d2e3-f158abb764fc,10001,15,2018-07-17
7dd78360-96e3-e598-b610-d2c00a7771d1,10001,15,2017-01-25
998e6217-8ff5-7633-7766-c1e95212e087,10002,11,2018-12-23
5e992864-b39e-fa6b-3e07-ee4ef0aaf397,10004,12,2018-02-07
31e91b08-0420-311f-a0cd-17d06eade04e,10005,11,2017-08-24
46a5afb2-1c3e-d47e-1904-c799c2d614c1,10010,15,2018-12-29
7126c776-d8ed-a413-0d6d-b537d9260c41,10008,15,2017-12-30
aeef899a-3d23-a9b7-585e-06d1b34e75ee,10007,12,2017-01-19
e2ccc45a-3575-8587-2b23-30c69af98240,10007,12,2017-05-18
bb736c12-1704-322d-ff5a-94e13f5a06d3,10003,15,2018-08-23
e8b61843-b143-091a-6a89-37f7a785cf00,10002,12,2018-11-07
463b4cf4-bc6b-ab07-abe8-6f25ab7b97f9,10003,12,2018-10-08
62867605-92fc-12dd-6a08-daf98decd57a,10011,12,2017-07-22
82f70462-d861-2228-6157-6c6cb7ca09fe,10007,14,2018-08-16
6314dfe1-f965-9a26-9616-0d3de9eec54c,10004,13,2018-09-20
39950e7e-23f1-767c-294c-54aede565a76,10004,12,2017-06-06
b9f80e02-f890-f4ba-8db9-f684195fefd4,10006,14,2017-01-15
760d6af7-5a77-89b2-9be9-cfbc9db6572c,10010,14,2018-07-08
aba75ff3-d272-e937-eb2d-3bbba3e8f466,10008,10,2018-12-06
db345755-b2fc-b6ca-a856-b3745e3c3e89,10003,13,2018-05-22
69af912d-48a5-1ef2-a008-3bc3b6f42b0a,10011,11,2017-08-07
170cdfb2-7013-5fd8-dccf-0ac7cf3fa0de,10007,14,2017-11-02
a1c740db-4568-f2f4-fa72-4626b25dabf3,10004,15,2017-04-22
6652aa1a-4ca3-c28a-6ae5-1d52bbe907dc,10008,10,2017-02-26
fb586c98-b062-d891-393a-ed9d07082692,10010,11,2017-10-06
5cd8f5b5-5586-34a6-e327-f4e25589df50,10009,15,2017-12-06
079530d2-478e-940d-4a52-35d32a89f964,10006,14,2017-06-13
09270b4d-73df-3e4b-3cc4-ddb8837de904,10006,13,2017-02-18
5da74399-e84e-aa2c-7733-e7b63c8b400c,10006,14,2017-03-25
c974c56e-64b8-e476-753e-43ae179cfdf1,10006,11,2017-05-08
c443e51c-851c-1a9f-f0f6-cae6da9bc8c8,10002,15,2018-11-30
233db7df-5d2b-4fa2-07ce-49dd95505e2d,10010,10,2018-11-11
e26495d3-d931-cc50-3e3b-95bc1727b837,10004,11,2017-08-14
68797e1c-c7b9-7e8f-c919-646b2efcc4a2,10003,10,2017-06-14
f4e5c21c-478f-26f3-72bf-890875f737cb,10006,12,2018-09-27
cd5d4c89-91be-6edb-f28c-f516072a52ae,10002,11,2017-01-14
ed3b0f85-5dd8-d73e-bc19-5ffa880f6919,10004,13,2018-01-21
6e931fc1-84c7-b480-dd58-819c3c1df2c0,10007,14,2017-07-23
fa154b4a-81f4-e2b1-daf0-63e9d770bc85,10008,11,2017-10-01
37f985c8-1e89-2499-2d4b-ce3f113a7fc8,10009,14,2017-12-10
1a41c966-f3e8-ad16-2c33-30aa514d8fbc,10007,13,2017-05-14
7b636e01-a4f6-d0ef-727a-13e87b6583a4,10008,13,2018-11-26
9359441e-f6d6-e83e-7413-e74571fc8dba,10008,12,2018-07-23
cd90b0d4-9e2a-f81a-4d53-dbf17c69c745,10009,11,2017-06-14
5e9858fd-4daf-7539-4947-ee77bd55aa55,10005,11,2018-06-26
7512bc47-2192-62cf-0cd4-c2cefeb2263d,10009,12,2017-12-17
7d9b6aea-8a25-16e7-8c3c-72fcca444a27,10011,13,2018-11-17
eca9d155-0f2d-ad4d-1b63-f352de4a571f,10005,15,2017-01-18
0fe45b93-4dd1-da24-3bf2-e6a5f68896d2,10009,11,2018-01-04
f771071e-a831-1b54-206c-2f463aca59d9,10011,14,2018-11-23
87247e3b-d045-6d56-163e-7dfaf6b1efe4,10010,13,2017-11-14
d9e0259a-077a-083c-9781-9c1a375122c3,10004,11,2017-04-05
04cebbf0-97e5-5070-72ee-81b41ae799f7,10007,15,2017-03-26
5d68a85e-5775-d2c9-363e-62021681cbb7,10007,15,2017-12-14
804fb793-839d-42af-3a42-17e5dca95a26,10005,13,2017-08-06
f42c1a9a-2dad-da8e-970e-e02741aae489,10003,11,2017-05-01
a6f772a3-cceb-4221-4b49-33633b6b68cc,10006,12,2018-03-03
0f74387e-a52c-6458-6d32-b1f68d23f01e,10002,13,2018-12-04
f32274b2-249c-0aa1-aa7b-0890efb67169,10001,14,2017-12-20
a2b655ad-f68d-2fd3-1df3-c589646829ba,10001,13,2018-07-19
12d1ccde-84c8-2969-181a-8a8052420328,10006,12,2018-02-28
c7aeb1a9-088a-b948-5acc-6be64da605e9,10001,13,2018-11-16
3af9af71-09e6-184e-3d87-cb9fbffd793c,10003,13,2018-02-16
ba595a05-3f19-91b7-693e-45beeed763da,10010,13,2018-02-23
fedc1a1d-f89b-0f59-af5c-4134ef2f4dc7,10007,13,2018-02-19
d04d6108-9a65-b016-2d19-24471eda2206,10009,12,2017-01-29
58a9cac7-f2d0-4245-be2e-846fc40c2c5c,10010,12,2017-08-07
05cf502a-924b-a63c-a455-73833143092b,10003,13,2018-10-20
83f9a99f-9dc1-de32-8867-3f5ec39fe462,10011,14,2017-04-03
046c6a67-6434-5bdc-e320-afe596d2bf2a,10009,10,2018-08-14
c6151a3c-017b-dc01-355d-407457f5e88d,10006,15,2018-03-02
210cf82e-86fc-76f8-6fef-f6598abd4f63,10001,11,2017-07-14
8831a1cb-e714-19cc-1ad5-3222c8e08f06,10006,10,2017-07-07
5ac13a40-dc92-1f89-6d16-2f3007112e54,10001,13,2017-01-07
bc67045f-31a6-9f68-b134-a04629c700bb,10010,13,2018-01-01
aa276ee8-be7c-7e4f-3984-6dd9812bdf67,10002,11,2018-07-11
1c22e4a5-ed9f-7959-8f69-df9168be1902,10011,15,2017-09-07
dbe34003-67f3-4d1e-b336-fbe144f07a60,10003,14,2018-11-10
7d7adf54-80ad-1b3e-427e-0f58efe229cc,10003,10,2018-02-28
5b21f86d-ad27-cbf9-ef87-49978f5cfd08,10002,11,2018-06-04
cb2de4f8-a588-f157-d438-5b0b2cafdb0c,10008,11,2017-03-25
becff0b6-8c68-9695-0241-120bce75f363,10003,11,2017-05-13
35d8bfd2-5c3b-c934-4ea4-fcc5e5c83e67,10011,15,2018-11-09
5775b1c0-5564-99e6-1dec-2aed77e50348,10008,14,2017-11-11
bae43e69-f21f-6fae-8198-bd6260718ed1,10009,11,2017-06-10
749a2acd-c5ef-155d-cd1b-068749949eeb,10008,12,2018-05-22
c94b01fa-3e6e-dd87-3689-1e9329ccff18,10006,14,2018-08-07
ae5f5a0d-dc68-de5b-ccf8-afadb8773c3d,10002,15,2018-08-26
15f021b3-1e41-af50-1934-7595e2b57a0c,10006,13,2017-07-07
b417cfeb-8498-0a4a-b61b-0defc0e82fa2,10007,11,2018-03-11
b73137c7-c9c9-9654-3da5-e2fbf42b8332,10007,10,2018-01-09
dc3143f4-6786-92d2-159c-c15d26e5755b,10003,11,2018-08-20
3bc3c0c0-9f66-b73b-33ca-942023852cd3,10009,13,2018-07-14
f298561b-ac68-8aa5-34ca-0da313556902,10006,13,2017-05-11
efcbd3d9-1b7b-1f1c-67df-0cd439a8b058,10008,13,2017-10-03
1bdd4061-b666-4a3d-aced-6f4eb34829dc,10001,12,2017-11-19
f2bcdd42-aa3a-a001-86e8-566d7a137677,10004,14,2018-03-06
15acd24b-3b21-743d-126a-647943bb2809,10007,13,2018-03-11
7a9f0bb2-1d6e-e7fc-a0bb-454d4ea0d315,10002,10,2018-08-30
748948cd-ab9f-4394-0a00-26ee2721ea83,10001,12,2018-10-01
2e2bd81a-2802-e371-ebe8-83959887c014,10006,13,2018-07-26
4fdf4bfd-bb78-b859-4eb2-6bbae33e0724,10008,15,2018-11-30
535c5185-7c46-b80e-515f-32c07eef9b30,10003,11,2017-08-07
8a0d249b-51a8-8ebe-24b4-eb6f0d0376bc,10004,10,2018-01-25
1e6f151f-389f-8c17-9cb7-890c58877ca9,10006,13,2017-04-14
97f35a28-29be-f57c-bc4d-32985adfce98,10003,11,2018-10-22
4fb5c032-457a-7230-bbc8-2579f7ea262b,10003,12,2017-05-26
5735c970-b500-ba27-a2c6-9ca6bec3bb88,10002,13,2018-01-19
d1675234-d483-f011-5c7e-2f5f7d75014f,10010,10,2018-11-10
c08b8e6c-28d1-6b7a-64de-39c7b63a94ff,10008,11,2018-07-08
47fa1617-e18a-173b-f8c7-5b7c6e2eebd1,10008,10,2017-09-02
3557976d-2347-41e2-bd86-f059b4500703,10002,15,2018-05-25
b552cf11-c975-f269-5de6-50be4a0a46dd,10002,12,2017-02-04
a1f9ada6-a41b-bd2a-1488-e90b8084d2fc,10002,13,2018-07-04
2c77802f-f87b-735c-afbb-cca68e94c9df,10003,13,2018-04-26
02f6d822-6c90-f3de-0c3e-a22ce3de0cfd,10002,12,2017-12-10
a8d1d2f9-41da-34c0-28a6-e226762ca8d3,10005,15,2018-11-25
f5120e1e-0544-b9d8-a85e-0eda8ab0fbf5,10002,12,2018-10-09
a015fb1c-1dc7-89c9-0967-69565da498dc,10010,12,2017-05-31
1ddb6b71-9a42-0303-2588-e0d3e88f19be,10003,13,2017-10-27
bde1936d-a7f7-7167-d321-3f9b29e805fb,10002,14,2017-11-23
7e763d71-1c40-9318-0ba2-64e26a3bf405,10002,11,2018-10-23
4b48560e-b7f6-edd1-9094-4e19002cb68b,10005,12,2017-07-21
c225dada-6e59-86c4-035a-6132ba3d15db,10008,15,2017-09-27
7d94c26d-b37c-3523-3489-162f488312d2,10001,13,2017-08-03
f62e0ca1-ef62-e42d-593e-bf1c0f0bfdcc,10007,12,2017-03-07
2f1959c3-80b7-a3a0-2516-e51f787979c4,10010,13,2017-09-27
f80b9f69-10bd-b8ed-ae94-90c4785c4851,10005,12,2017-05-18
f52202c3-c53f-39af-7008-77ee61722eb7,10003,11,2018-06-04
6673e434-66ce-98ae-0f81-0aaa35d1876f,10005,12,2017-02-14
78bde304-8d73-e4be-bc23-a20cfc0cfb2b,10002,13,2017-10-07
965dccac-d882-3b0c-82c7-e8e9df61fdfd,10003,13,2018-05-16
461a0928-42bf-0342-0b5f-b44d05664346,10004,10,2018-04-07
366fe899-394a-4204-b2b8-8b7ebef89f07,10009,11,2018-07-24
5ec0cd0f-2a2f-5400-72c7-ba857d198dce,10003,15,2018-04-07
e4ae3c8f-2a80-ef6a-df32-d2f3b7a3af43,10004,12,2017-05-11
60db65ff-fbf1-22c4-60f9-ff30165e9cf4,10007,11,2018-12-29
6f32a25b-30cd-3ec7-d787-c9742046ee21,10004,13,2017-09-06
5b5a01c1-bf9f-a77b-9446-41c737d295bd,10003,10,2017-02-10
61be9eda-409e-426e-2061-edd573396989,10003,11,2017-09-24
6a0490ce-08a4-afcf-2ea7-c24a6c3c5702,10003,11,2018-06-08
5d87bbcb-1baa-8fa6-0fc2-658ff431b9be,10002,11,2017-07-17
a2ac06e2-0e87-77ec-0170-c2055b4e6e2c,10003,14,2017-01-21
b0d39c79-1b0f-771e-9400-b43f45a6f1f0,10005,13,2018-08-06
f0ec1c1e-50c3-8c31-50f6-5fd30fabfd4c,10004,10,2018-03-04
99c5864e-05ad-c1b8-d4ed-de21c8393aef,10002,12,2017-11-09
720a3a17-afbf-f44f-b054-1fd55d159bf1,10008,14,2017-09-01
c0b9a967-bb6b-e7fb-eef3-e8ca357985dd,10003,11,2017-03-30
d1e3b75a-8708-092f-5940-62eb59dcae57,10002,12,2018-11-14
748785a1-1bc0-0ccc-ee48-936055f790ab,10011,10,2018-04-13
0be39e10-bb6f-a19d-0b75-08eb5f1bcc8f,10010,15,2017-02-19
9314928b-04a7-b481-bb4d-d53ed54daf59,10011,12,2017-03-30
4c3b9615-a62a-4457-a5ed-c76e47f6f79d,10002,10,2018-07-23
94b3c5a0-972f-4c6a-dcbd-ea8831938711,10004,13,2017-08-03
27f25cff-5a10-4c75-7aca-bb0178910e49,10011,14,2018-12-19
cd07c6d4-8e1e-64e4-f8e9-17c505010c1c,10001,11,2018-02-23
66a79a52-517f-8346-bd0e-1f3db9a2e231,10001,10,2018-02-03
e5df4377-4c4d-5bd3-8aac-6c7a1e71bfba,10003,11,2018-01-20
c06482d1-0926-af96-4fd3-2ec26e53a4cd,10001,10,2018-06-03
9e0e8652-c97a-1b95-332d-737f981b49ea,10004,12,2017-11-01
2b8044d4-8106-cf1a-41e1-b38b6d3d5c62,10005,11,2018-01-02
3aa70f97-112c-627b-2c4d-518b772eac24,10007,15,2017-03-13
dcea74ea-1224-8cd7-65a4-c408f838e656,10002,10,2018-09-29
81f0797e-9770-3aef-a2df-10909ed3981b,10006,15,2018-01-01
2f98ef46-b458-417d-c454-a056e2686403,10002,15,2017-08-31
28503c8d-db5b-7aa2-bab4-74687ac383ab,10005,10,2017-08-04
ae1e410b-94e8-69dc-8939-c067e964f14f,10002,11,2017-04-30
8299a0ef-e8a5-1e15-298b-311bd453e278,10011,11,2017-10-28
ba57a631-ef6a-9c4f-044f-4127556e63e2,10001,15,2018-01-10
7b2b17b7-b1e7-ffd6-40ed-89b55e7ad4d6,10003,12,2017-10-28
269fd630-2878-cfc0-1cc3-bae8c2e982ae,10010,15,2017-03-12
13982216-b548-c7f2-81ad-8f2e217374a3,10004,15,2018-02-28
bffc6156-0077-383d-2af7-68f8ace36f51,10007,11,2017-04-29
a077cf02-e779-ffe4-ab1a-84b98c0149b7,10004,14,2017-12-20
a836c97d-49b6-d00b-beaf-1cca445287d1,10003,12,2017-04-23
3f987bed-7f88-aff3-562b-e22d6eb7a772,10007,13,2017-01-08
09fcc0b8-362d-5434-39a4-0a1038effce1,10003,11,2018-06-26
7168e760-cca8-8316-a334-2ec88f723e46,10007,15,2018-11-07
c6b3b684-39af-d1f0-6051-55038b5062af,10003,14,2017-04-23
4dcf823a-a554-4e11-a2b3-061bba6c6b9a,10006,11,2017-01-12
03fc3196-f676-f066-cfe6-93c8343d79ae,10003,12,2018-10-02
b6f092ad-e46a-dd4f-4408-ab589ee61cab,10008,12,2017-05-08
1d001ccb-7fff-9e56-991d-64776e93bbfa,10010,11,2018-02-16
61ba6139-5473-f913-ffa7-9c2955a50721,10003,11,2017-04-22
f256c7d7-1fef-e870-45ce-075fa32cd5a9,10006,12,2018-09-01
209dcc61-1cb2-51a3-ef4d-26eb81f5d326,10002,12,2017-09-27
d6e637cf-27d2-9d63-618d-996ebb397d85,10005,14,2018-01-30
b01cb158-f0da-4af9-83e8-c87d5b5e8885,10011,10,2018-09-19
c3acaa2f-01a4-3023-967b-bfb96d24660c,10007,11,2018-12-25
09ba7b89-b8a7-1af5-22e5-c0b66ac69871,10002,13,2017-07-29
5759b377-1715-75e5-b950-68ff660adcb1,10003,11,2017-04-01
69cac2f1-f6ea-118c-3975-75177322b27c,10002,15,2017-07-23
824afe70-a8ff-fe6b-c993-e4110fe17125,10006,15,2017-02-03
e55ba430-3c92-5dcd-9ad8-d5dc1ed19a9c,10005,13,2017-08-19
3b714d7c-c28e-81cd-9214-7c50551d1859,10004,15,2017-02-26
53e14370-bfbe-a73d-164f-78940c3b07fb,10006,15,2018-02-14
9dc12384-501e-e929-a51b-073c3db47599,10001,10,2018-06-25
39c32cd3-5fb8-f24d-9978-21ce76304c99,10008,12,2017-03-31
081b21fd-9f39-0858-3ab8-1cf223925576,10010,14,2017-12-07
71427d55-1247-cf87-3dac-f48f437339ed,10002,10,2018-04-13
79a48d1f-16b5-df1f-5bdc-10bf49d5e171,10009,15,2017-07-10
68ea91f7-6254-3ff6-0323-4ae3b0fce5ee,10010,12,2018-05-03
1df679a6-ab95-d96d-65e3-905ba5f10497,10008,14,2017-12-10
3851831f-858e-79de-9517-68c46fc4546a,10006,13,2017-12-15
12f964a5-e3dd-b09f-ac16-2f149484d0fc,10002,15,2018-02-16
bf1faf33-cf31-baac-c36c-b429c1aae815,10008,13,2017-03-19
dbcc0da0-886e-15ba-c5c6-e21ecbb302d9,10010,14,2018-09-14
1ebeabfe-01fd-a4e4-0b6a-26f810c60b59,10003,15,2018-05-15
bd106dab-cb12-6f63-1700-2be8a8c923e3,10009,10,2017-04-20
61891ca4-9364-dea5-c0d1-5e22b8219703,10003,13,2017-12-08
e213abfa-faee-8d1e-d042-85117216bab5,10009,12,2017-04-06
5f2850b0-6c4c-f599-fa98-71221568c9f0,10004,13,2017-02-13
949e8fda-53bc-d0f5-b74e-551bf03b829d,10004,15,2017-09-16
c7cb4933-4e94-b059-75bf-78c77a8d9487,10006,14,2017-01-22
0d487a58-2f9e-0251-1018-3f9dc74b769d,10011,12,2018-09-09
a86c0f6c-b033-3766-371e-970d49d4e123,10003,15,2018-10-19
6845355c-e031-5a37-1c95-ea0a952515ff,10011,10,2017-04-05
fa3c3967-c776-45c7-ac28-d2f825e359db,10010,14,2017-08-20
eb2af6c0-2bb9-bf02-3919-edba1ef75f4d,10005,12,2017-04-14
b71469ca-1d5d-270f-1a29-17da1147f764,10008,13,2017-05-07
3aba2232-2a7c-ac51-7936-8fcc058b88e6,10002,11,2018-06-25
554f1c60-629b-2fec-19ee-be7805982e74,10001,10,2017-09-05
a50eff71-81d1-b7ed-0999-b6c93f8389df,10005,14,2017-02-10
c374c585-0d12-b9ac-11a4-15aba2b5e850,10009,10,2017-11-13
a8414cbc-fc02-f5cd-b01f-cc8954be248b,10005,15,2017-03-03
11c0078c-a548-0df2-40f7-fbb9be47a2ca,10011,12,2017-06-23
429caafa-fbc1-33a8-b8da-bb9d725a0cfb,10003,10,2018-12-07
ba18ec83-6956-ee92-462b-59f1d028ced8,10010,10,2018-07-07
6ae7f571-a242-cbec-b80b-7cacef16819d,10009,14,2017-11-25
b29ecc11-26e8-ec6a-90ff-af3e9390e854,10007,12,2018-11-01
0399b7f4-953b-620d-4ca6-9c6816eea3d0,10011,12,2017-07-22
d0b7466b-7b57-4885-a02b-1bbd19763bd3,10002,11,2017-08-11
6acd4c9d-1b71-f558-1379-1db156c81636,10001,10,2017-03-14
cecf39b4-c59a-2df3-45e8-61af7ac4af5d,10006,15,2018-07-15
c53fe457-37e2-bc6e-5165-caa422c391a2,10004,13,2017-03-03
22d450b3-66da-88c1-440b-93a45824bfc6,10006,12,2018-04-09
db95961e-0cb9-e519-9871-c2173ae51456,10006,10,2018-06-10
1099edd4-c5ec-7e18-c3fd-ece763f5d234,10009,15,2017-07-25
6d41d76f-fddc-72c8-5255-aecb36453c75,10005,15,2018-09-01
608d69b2-a04d-4aea-273b-436f74a7eecf,10001,10,2018-11-27
d446a795-4330-fd42-e4f0-ce8a21d368fd,10007,11,2017-04-21
a7cc12f3-feb7-6283-33aa-43278bd0136c,10009,14,2017-09-06
ea9d03a8-d709-83b2-8035-1f7aa9feaa72,10011,15,2017-12-24
d6f64e0e-18ef-10c0-c81e-093650bf8f6b,10003,10,2018-05-14
6dccdaac-7386-88fb-aeaa-115a4da962db,10001,11,2017-06-02
95f22dcb-5a97-61d3-53b8-ad0080da3185,10004,15,2017-04-15
f87bf406-8d2c-8f9e-2b30-02730b06084d,10010,11,2017-07-25
a8808cf2-9054-18d9-aee8-81c5be96fdd3,10004,15,2017-06-29
4a341e2f-0cd5-fa9e-021c-cfd113d260f7,10007,11,2017-04-26
ae867251-c845-9f6a-620e-290edc2c8832,10005,12,2017-10-29
31860f3d-750e-e09d-8b97-9440f6c17b95,10009,11,2018-11-19
c86785b5-9e90-d73a-a98b-ef4d5a730fea,10002,13,2017-10-16
7b920d68-eb90-7321-0def-c46e65e92281,10008,14,2017-11-21
3e4c0564-d918-e8ca-05c8-0ac25b1b96da,10008,11,2018-01-15
e58cb0cb-f403-5058-0c46-106442aeccf6,10010,11,2017-04-28
c9f80f04-cbc6-f014-2a1d-641206aba667,10009,10,2017-08-20
ef00bda8-fae0-cbbb-9b61-cd094286d3f2,10001,10,2017-05-07
59992760-bbf0-3641-ceed-deac2ec7c106,10003,14,2018-09-22
8e67bed8-5e89-ae23-6242-babf2661a84f,10001,12,2017-03-09
ffa5ac26-3df4-b5e1-3d70-73da1c604855,10003,14,2017-07-12
363301a6-2ea2-0fe5-4113-9be22b7c4ffd,10011,11,2018-06-11
b6c0589d-74e5-1d0f-d157-9bcb2fac0354,10003,14,2018-05-12
ed4e2802-8e22-ca14-aabf-946353fb5f05,10004,12,2017-12-05
dfa25c99-9ab1-e9bb-4c1e-4ec98eb3b506,10007,12,2017-06-12
fb123218-f9ad-80a8-66b3-eaceffa987fb,10004,14,2017-06-09
2a733b3e-529a-7a94-fb94-ed44a83fb4d3,10009,12,2017-12-07
63724529-5e9f-3c48-fc79-8252ecd4da89,10008,13,2018-01-09
4ad2644e-98ed-fb19-eb9d-b49e23fa29ad,10006,10,2018-06-10
d9ccd6fa-e021-f81c-cf9f-2fbce0bda931,10010,13,2017-04-28
f2c66380-7562-5e30-6142-986bc2f1fb35,10001,15,2017-07-12
b918045d-0aac-9941-ee5e-8b83ecadc490,10003,10,2018-08-18
6f31ebaa-14bc-56dc-fe87-37fb788d9af9,10010,12,2017-03-02
91886ee7-bb5e-1eb6-59d8-e70e7733af94,10010,14,2018-04-13
f4ec3d2f-6cb4-04e3-1972-a881fe0305a7,10008,14,2018-12-02
1ae6f856-1512-d83a-ef7f-27b76ac5d54a,10002,10,2018-01-13
7f9903ed-29ee-18a9-ab96-5e128a59a6c7,10005,14,2017-10-17
841ace10-a925-2c01-9c12-ab4c19f59feb,10007,15,2017-12-10
359aff65-38f3-df0c-7d6b-9dd146966140,10011,13,2018-03-21
04a3d372-72e5-ae67-6859-9de49a489bed,10009,15,2017-06-27
2fda4808-bfe1-dd61-bcfd-dd6fc07a2fb1,10005,14,2017-09-12
2eb9e209-e99d-4699-a4fe-774611c48364,10004,15,2018-09-16
7e369998-cb2a-c7a4-5f5d-25e03ce498a8,10001,12,2018-10-18
97db4b49-8a8d-3bd0-005b-3cc128b65a0e,10008,11,2017-02-02
0c9a0cb9-ef14-e3ee-56e4-3e17d1dc75dd,10001,13,2017-06-05
a9e47355-aaf1-749c-d927-adf3ef3204e4,10011,12,2017-06-23
820956b5-aba8-6fc6-9e5f-47e4fc76e661,10003,15,2018-12-14
30619eca-8f6e-8c63-8853-29d5fa73f40b,10008,12,2018-09-12
ed1d1fad-e2a1-fc84-fecf-dc1c106d825a,10003,10,2017-09-25
26c01afe-f8f8-b4a7-4461-784aae69392d,10002,10,2017-03-18
848f46fc-d531-28cc-7df8-717eb17c4a14,10005,14,2018-06-25
dc4fd545-946d-54e5-bcd8-a333a2116e47,10003,12,2017-09-11
a4507924-cf8d-32a3-d421-6ef89232ba0d,10008,11,2017-11-17
2cb4cd60-3acd-2cb1-52d6-4000d0c58971,10006,12,2018-02-28
111d79f3-0c3c-e52c-781e-ed303fd86c76,10006,10,2017-03-22
72a708b0-da74-0645-5c72-6c38292891e8,10007,10,2017-07-21
647defb5-b611-e992-3152-01eb5e7f10c9,10002,14,2018-03-06
6dbec360-b88d-71aa-2576-7691293ebd92,10005,11,2017-10-04
8fa860d2-2760-ca1f-965d-e09116d1c913,10006,14,2018-03-18
173cf1a4-5ffe-b467-42ce-aca7ba1efdaf,10006,13,2018-08-08
57382d9a-a15e-cefa-9033-1e0f368af3d2,10010,12,2018-06-08
e915cd30-33cc-79c7-2d25-ebd9977c7653,10004,11,2018-09-17
b1d5ea8d-d322-d95d-4fbc-e9124f04e333,10006,12,2017-10-21
34141fa9-2c1f-71ea-4810-fb907f079787,10001,14,2018-07-25
41ab1c84-a672-c9f1-3b1f-9e6539f1b080,10010,11,2018-01-24
f5488d22-6fd6-a028-d52a-c3cd997c4dd9,10009,12,2018-11-05
71ab6441-27ad-6545-0580-a66f670aee38,10006,10,2018-02-26
11877ea0-1d46-37ce-9c72-114fce9444bd,10008,14,2017-04-03
365895ed-4a81-1382-0014-98d910d3a186,10004,11,2017-11-14
c546cf32-7e91-2d98-216c-b8128d0f7d30,10006,10,2018-01-16
a3212854-e1e5-a75f-d028-f86ec667e9fb,10005,12,2017-02-22
d522e19c-0252-236a-17a5-505edc5760f4,10008,13,2017-04-24
50a496da-c9ed-ade4-6029-db7a0a9fa74f,10008,10,2018-04-08
dd3c3398-ab07-69e8-5f8d-a297f3bc0832,10010,12,2017-06-29
58b4e6fb-9782-bcd0-ae63-d9fa9646b440,10004,10,2017-09-07
4b3c6561-1dd1-d409-7706-67aee9714178,10011,11,2017-01-24
40a6b9ca-6819-4535-b709-05b06c005e31,10001,14,2017-10-09
f532c02b-553b-3723-b3d6-bd912b364a37,10006,13,2017-04-28
5db878ab-1db6-6c36-d84c-0bcaadcef8da,10008,10,2017-07-04
8a7bfa58-6724-4313-f7fb-73ce31520c73,10008,13,2017-11-10
57743cd2-5ad1-9046-ad30-2bce9642f419,10010,14,2018-10-11
2173c889-54e3-f839-f06e-1ac4cc9d9560,10001,15,2018-07-07
10487c30-4e28-f592-ca36-a9d57b0fcbb6,10006,12,2018-06-05
fd496b15-148c-977d-1836-02d2d821662d,10003,15,2018-12-23
7e0bd895-f338-a8d4-d318-986a4be2cbfb,10004,10,2018-04-13
8110cf86-3bee-fa26-d29c-abc13e748b35,10005,10,2017-09-24
3d8fbbcb-1209-adf8-34bb-9f5c131aa84d,10008,12,2018-11-12
e76a2d14-cbcb-b191-b802-272aa1548195,10003,10,2017-12-07
29a197c8-7690-3fca-6d71-cd922d6d0bde,10006,15,2018-08-22
de60cd38-04b4-3e5a-d6c4-d5ad041d6fb3,10010,13,2017-06-10
ba31d878-58c4-5139-e795-db37feab6d25,10006,10,2017-05-08
09b0459c-be66-8f0a-0197-29d07cd38f65,10010,12,2018-11-20
189349dc-0ec5-d788-b842-ee6499f389c9,10008,11,2018-03-05
f8c8f59d-4621-4fb4-458f-e61130a2b2ac,10004,14,2018-01-25
976094f8-0c97-3c1b-b72a-9d5f4fc13ca6,10005,15,2018-03-01
fef336f8-acfa-d6da-a031-a96a6de10806,10006,11,2018-12-12
ebf8aa1d-a3a3-0f4b-1567-cc6f52ca9e66,10003,13,2018-11-25
c8e07bdf-58ab-3b7a-e6c4-124a862e9108,10003,14,2018-05-07
ced9cdc4-77db-3c1c-f527-527001c6bf09,10005,15,2018-07-06
31249f99-d260-39ed-e9da-32b15b5ca165,10010,12,2017-03-23
5cd17220-8628-5713-945a-173c8484c10f,10001,15,2018-09-26
460ae457-3332-5f9f-7bb5-c827eaac0b6e,10009,15,2017-09-25
903eabe3-658b-806b-2168-8be1e80fab26,10005,11,2018-09-28
20884734-0c0a-96b4-6d7b-836029691f26,10004,13,2017-01-30
dfeca735-13a0-0a60-f440-a2dd745d2918,10003,10,2018-03-03
2a21a013-98b3-4c30-934c-b2f4ebf7c650,10006,14,2017-01-17
ba12eb9b-a0cd-d0b1-224b-131e010e56e1,10001,12,2018-03-08
12a9fcd1-2d92-7204-5893-ef388e869f68,10010,15,2018-12-02
867c84de-55c8-8774-ed24-c99feaabedc2,10001,15,2017-05-31
9b11ec72-43d3-f19c-388a-e7e22015e4a8,10003,11,2018-06-21
0d1fd3b8-ba4b-4e8a-43d0-ec8abdf306f6,10008,15,2017-06-12
161876c0-88ea-ec04-c495-ea6b94786552,10007,15,2018-09-01
e7c5622a-3fe1-aee3-fbee-7e56a4e14757,10001,13,2018-02-19
e6be0f6b-161b-41cb-f9ee-f05a31983b03,10004,15,2018-11-25
6f5d2ebc-61c1-0faf-e76b-cba4eed49dc2,10010,10,2018-06-07
f97a55d4-8257-beb3-3eb2-933dd03d6fbf,10003,12,2017-12-26
86f67c8f-683a-87e3-7083-fda3695243d6,10010,14,2017-05-17
c7270b08-2979-52e3-8934-24d57dd6aeca,10002,10,2018-04-28
5d245e30-2292-faa8-9f81-62ef2781ac5c,10007,10,2018-10-24
e9743f28-9fcb-827e-08e3-3f0baa3b9168,10011,14,2018-01-18
3d1350f6-2034-c1b1-9a44-f266b0933fb4,10004,11,2017-06-18
9ef1853f-8cce-d756-5444-6b26321e442e,10006,15,2018-07-12
d8b75c2f-a61c-9dda-1763-0126afd1f30b,10003,12,2018-06-30
7f66a939-3e3e-f3b8-8d4d-de7a2fd1f498,10003,15,2017-01-23
ee7b6bb1-b47c-410d-bd93-844519e871b0,10004,11,2017-06-22
5ae62e75-dfe9-f38f-3433-ae42ec39b684,10005,12,2018-03-17
41159ce4-de4c-6c34-e63d-58462683cf17,10001,11,2017-07-27
aac54ab9-b933-73f3-2e7b-a57260890239,10001,13,2018-11-12
56b8ff28-2e6e-87cf-c76f-0340d1d12b1d,10008,11,2017-02-11
5af9d8db-b6fa-75b5-255b-3d79431113a7,10009,11,2017-04-20
3d8290d5-aa58-19b1-7b23-52a9be53cf52,10010,14,2018-02-25
57f84608-6662-f700-67f6-c4256338f420,10010,14,2017-10-11
d106b994-f5b8-93af-020a-577becd27f35,10007,11,2018-11-29
c0e24e7d-77a4-23ca-7a1e-b4b90da80e0d,10008,11,2018-01-11
65376669-7990-2497-1f57-cad3ea34458d,10001,11,2018-12-23
550bc844-33a2-109d-7312-7c374ac9ef2e,10008,12,2017-06-03
e3b24b87-2f91-e347-28f1-f069971fa12c,10009,11,2017-04-23
4c0a4567-c995-a94a-a460-e1616b15e5f2,10006,10,2018-08-27
238d1ef8-b239-9931-024e-930b1d3b9715,10011,15,2018-12-15
fbf28362-383a-1ab1-e3bc-83dbeffc988b,10006,13,2018-05-18
5c29a550-7d1f-1218-9f95-eded1d408974,10008,14,2017-02-05
ab9baacf-adce-ac8a-c54a-7db481df49a9,10008,14,2018-09-16
a1c073f4-e596-0813-7c64-7621dc278241,10006,10,2017-06-04
dd23f164-fbaa-6e07-1bdf-9cc3eaba38df,10010,11,2017-03-18
4920d22a-704f-e7a1-8164-4841d8eea8b5,10007,10,2018-04-24
d038b133-83e3-c794-7524-6c3520b0f0a9,10006,12,2017-05-13
aa90cb74-0286-a46d-19ad-2dfb63e77970,10002,11,2018-02-04
2e564de3-847c-15e7-92e0-735783cbc9f1,10011,10,2018-08-14
4adf9e84-cf5a-7ff3-2341-6b80f71bba7d,10005,15,2018-07-09
2a84e049-4a84-7190-698b-7128ede9771e,10006,11,2017-06-06
f4f5888a-09e1-1157-1297-335bf3dbfd96,10009,11,2018-05-14
c90957a5-7488-348d-748f-3b5cf95fcf86,10008,10,2017-09-03
a95923cc-1c6a-b2af-320d-ea6787dac0ba,10011,14,2017-03-12
30b2d38b-6283-9e99-eed7-5fc82bd3afa0,10008,12,2017-06-17
87ada076-a7a7-db08-e2a4-e35c6f7869ac,10010,13,2018-01-30
480e7e49-7a30-b317-63fa-8b806a531cc6,10003,15,2018-06-02
def80e78-eb16-bcc8-5841-f870dd6a573b,10003,10,2018-03-26
237af14a-0f3d-f8c6-68c1-df3fbb2f6d97,10004,12,2018-12-04
e09cd829-4549-7d3b-f2a3-17edc3110421,10008,15,2017-12-11
b6c2e9da-e7b6-5d52-ab16-f138a4452ee2,10007,13,2018-12-03
1c13334e-7f2b-5a25-2639-e7d3374e8cc8,10011,15,2017-04-13
b08bc0fd-1384-6dd9-ab2a-56b02c2cd294,10008,13,2017-08-31
575919c4-2c18-ea0d-9fa9-975172389f75,10002,12,2018-01-19
474d3ee6-17f6-ee1a-529f-32c9c7771a2c,10008,13,2018-12-10
9012249b-6983-502b-2f0d-0f1cb2b0294f,10004,15,2018-03-06
c3f94a58-3c6c-e7c5-ae5d-60a630c35cb6,10011,14,2017-01-29
ec1c86d5-0d9b-89f5-7e6b-9d78c81ef1d8,10002,11,2017-11-25
0b1ec57b-89c1-07b9-c8e0-27ccdbbc98df,10001,14,2017-01-23
47d8b0aa-9524-5857-ca95-a87e6d71fe01,10003,13,2018-06-01
73ebfcc1-e010-2bc1-ae08-fcfe3e5a9883,10006,12,2018-10-02
6ba224a3-869c-4f80-d754-99b8325973d4,10011,10,2017-04-02
f591d82a-a030-dabc-b8a9-3d8ecea24724,10007,13,2017-10-17
009c0520-b941-62a7-e195-6b1dae36a01b,10007,14,2018-07-30
b278bacc-0fcc-fd44-b5b0-20b99e793059,10004,12,2017-09-01
2662fd4b-186f-8968-b039-52b74aba6692,10010,12,2017-07-31
aefacda7-7264-9890-0cd3-36bb763bd86b,10009,10,2018-07-06
42cc57e3-69a3-857e-5007-f2c7ab39adb1,10011,11,2017-06-09
c72630f0-ba65-1512-d908-afdbd610672a,10008,13,2017-12-14
71cbd672-4fd0-c3d5-0439-2dfbb04f975d,10002,12,2018-04-04
e76609f7-4559-447c-e0d2-523dd24c974d,10002,10,2018-10-29
3ece9b9e-5f35-debc-8ea0-5e53dc49fb18,10006,12,2017-10-02
40f4c827-a1e5-618f-949c-2c53c004ee09,10001,14,2017-03-23
603c4084-cb0f-78aa-34cb-3aa47f937971,10001,14,2018-10-21
4e1c1eca-28b5-d8a6-eec9-9860ffb688a7,10004,10,2017-08-17
c430bf54-7698-57a5-5c62-a1900cd57f2a,10007,12,2018-04-13
36ec5e7f-c4c3-6163-c3ae-ad33b333c501,10006,10,2017-07-31
b906921f-bf75-2a85-c997-80aa17e26973,10001,11,2018-12-04
e2ea54b1-f0d0-71c2-00a8-a282448db2a6,10008,13,2017-08-20
23301da9-c72c-275c-973a-56041a269d6b,10005,14,2017-04-17
4242caa6-8b1c-e1c4-318c-9a22d5f89fd0,10009,12,2017-12-20
0c1db934-3127-c91c-379f-cac7498478ca,10006,14,2017-01-20
c91fb5ad-28f2-7d5f-2e09-dab3d99ad6d1,10007,11,2017-12-13
94d79285-5436-d2f2-00c7-d90eb965f2cf,10011,10,2017-04-10
6fca0640-4403-d6cf-ca07-4a1b8ad68ad7,10004,13,2017-03-25
3d17f527-b424-3dbd-ad7d-23ab0e4119de,10004,10,2017-08-30
98562990-9428-408a-361d-3742fb0ab1bd,10007,14,2017-11-14
2ab09d66-3d58-c9cb-dc62-ebbec829361c,10001,11,2018-03-06
22b8b651-cb3d-4029-49cd-caeee23dc917,10009,15,2017-12-01
b242f46f-c955-a02c-c54f-1b646ee875de,10009,13,2017-02-23
aafd8db4-8e4a-d29f-d910-427a4ef5769b,10003,10,2017-02-22
9245ef8f-ed71-ec97-f212-b79277436eb2,10009,13,2017-04-21
1fdb74bd-cacb-15e4-0d2f-0af00aa0fd71,10008,10,2017-06-23
a3e2bbcb-73ff-24a8-cdf0-444ba5f12f42,10005,14,2017-07-16
64ea9fde-333a-cfe3-a36f-a81f261a5485,10002,10,2018-11-03
e0f4e4a8-5879-f9e9-aea4-05dfd19a93e6,10007,15,2018-03-18
58427db2-5b3e-f86e-89aa-0f550af216aa,10006,13,2018-11-17
2c5b5206-526b-e78d-cc2a-309c1d4454cd,10009,12,2018-02-16
0ee299a8-3198-5f4b-2d2a-c7097bcfac5f,10011,14,2018-09-23
511f501f-856a-e615-ac34-d0c85aa9c2d6,10002,14,2017-12-10
30224355-ce57-dd3f-e59c-a3849e3fc1fd,10003,15,2017-10-15
d884c826-08cb-c0d2-c7a5-0926a16642f4,10010,10,2018-07-23
3901aac9-b91f-32a4-319c-76252c205783,10008,11,2017-10-23
e165a14a-0491-2ee2-0c64-080580e2026d,10005,13,2018-09-17
98c1051d-3fa6-f441-61bc-7c6c0a5fa1d5,10004,14,2018-07-07
4f697b96-020e-c40f-37d5-6f0211afb183,10009,10,2018-05-29
14423550-9928-53af-c5cd-8d23f3f09e86,10008,12,2017-06-05
a3bbec9c-e0e6-31b0-3a50-7aa68492f8f7,10004,10,2017-01-30
3bc379b9-be08-045b-495e-76fbc1d6163d,10004,15,2017-05-23
f99c1139-d83b-b342-d2cc-9c3812317ddd,10010,11,2018-08-19
246161a4-c430-34e0-e42b-6021fd62e41a,10008,14,2018-03-22
d67f7601-2520-345a-c9f5-57a2e0ce0f52,10005,13,2018-03-13
96f54ca4-202c-dade-5a4c-f9966baa8a8e,10009,10,2017-03-29
8e9413c5-a762-d477-db02-925443400b3f,10007,11,2017-01-11
0d9ae6fd-8dbd-2eba-1f6f-c018dcda0ac0,10004,10,2018-01-28
